No,Tanggal,Harga,Tertinggi,Terendah,Penutupan,Volume,Nilai,Frekuensi
1,08 Des 2023,3.94,3.94,3.9,3.94,61.476.300,241.171.716.000,7.571
2,07 Des 2023,3.95,3.95,3.88,3.91,91.076.200,356.134.950.000,8.816
3,06 Des 2023,3.9,3.95,3.87,3.92,149.345.100,585.390.509.000,15.377
4,05 Des 2023,3.83,3.85,3.8,3.85,74.608.900,285.680.592.000,13.935
5,04 Des 2023,3.84,3.86,3.78,3.81,118.542.300,453.436.844.000,12.449
6,01 Des 2023,3.79,3.84,3.79,3.83,81.037.200,309.153.834.000,10.289
7,30-Nov-23,3.75,3.82,3.74,3.76,258.522.400,974.014.877.000,12.323
8,29-Nov-23,3.75,3.77,3.7,3.72,56.467.400,210.355.066.000,7.765
9,28-Nov-23,3.68,3.8,3.68,3.77,106.829.100,402.314.191.000,12.855
10,27-Nov-23,3.64,3.73,3.64,3.68,73.888.700,273.046.079.000,11.649
11,24-Nov-23,3.6,3.62,3.57,3.62,46.919.500,169.085.804.000,4.543
12,23-Nov-23,3.61,3.63,3.59,3.6,57.385.100,206.992.039.000,5.432
13,22-Nov-23,3.61,3.63,3.59,3.61,34.555.300,124.690.273.000,4.141
14,21-Nov-23,3.59,3.62,3.58,3.62,68.255.800,245.814.067.000,6.731
15,20-Nov-23,3.56,3.6,3.54,3.59,49.528.300,177.317.138.000,6.887
16,17-Nov-23,3.53,3.55,3.48,3.55,55.585.600,195.794.189.000,7.59
17,16-Nov-23,3.55,3.55,3.51,3.54,68.993.000,243.481.056.000,7.245
18,15-Nov-23,3.52,3.57,3.52,3.55,114.104.500,404.620.944.000,8.1
19,14-Nov-23,3.5,3.54,3.5,3.5,45.987.000,161.413.200.000,8.651
20,13-Nov-23,3.57,3.57,3.51,3.52,47.728.400,168.511.972.000,9.275
21,10-Nov-23,3.52,3.55,3.49,3.55,48.619.500,171.020.558.000,7.296
22,9-Nov-23,3.5,3.57,3.5,3.53,96.594.900,342.061.178.000,10.739
23,8-Nov-23,3.52,3.54,3.5,3.52,104.102.000,366.084.558.000,13.622
24,7-Nov-23,3.6,3.61,3.55,3.57,103.642.200,370.072.601.000,10.773
25,6-Nov-23,3.61,3.65,3.6,3.65,66.902.400,242.761.549.000,9.013
26,3-Nov-23,3.59,3.63,3.54,3.57,85.146.800,304.469.228.000,10.441
27,2-Nov-23,3.69,3.69,3.62,3.62,69.582.500,254.524.964.000,8.63
28,1-Nov-23,3.6,3.7,3.6,3.62,154.441.100,560.151.810.000,15.544
29,31 Okt 2023,3.4,3.51,3.4,3.49,66.801.600,232.195.381.000,11.359
30,30 Okt 2023,3.5,3.5,3.39,3.42,82.945.500,284.506.706.000,16.685
31,27 Okt 2023,3.48,3.53,3.44,3.5,99.607.000,347.620.984.000,12.369
32,26 Okt 2023,3.6,3.61,3.46,3.48,141.139.700,495.377.854.000,26.897
33,25 Okt 2023,3.65,3.68,3.58,3.6,89.567.900,324.457.734.000,15.374
34,24 Okt 2023,3.64,3.67,3.6,3.65,67.041.700,244.210.888.000,8.683
35,23 Okt 2023,3.71,3.72,3.61,3.61,69.428.400,252.659.608.000,17.151
36,20 Okt 2023,3.72,3.73,3.69,3.7,55.918.900,207.150.861.000,8.881
37,19 Okt 2023,3.73,3.76,3.72,3.73,62.296.900,232.487.900.000,7.595
38,18 Okt 2023,3.77,3.78,3.73,3.75,76.612.100,286.724.127.000,14.703
39,17 Okt 2023,3.78,3.81,3.77,3.79,57.046.900,215.813.726.000,8.311
40,16 Okt 2023,3.85,3.85,3.74,3.76,131.156.600,497.116.760.000,12.449
41,13 Okt 2023,3.82,3.85,3.81,3.85,48.856.500,187.607.002.000,4.58
42,12 Okt 2023,3.82,3.87,3.8,3.83,101.645.100,390.148.845.000,9.926
43,11 Okt 2023,3.78,3.81,3.78,3.78,83.154.300,314.914.067.000,7.694
44,10 Okt 2023,3.78,3.82,3.77,3.81,58.728.600,223.398.485.000,10.082
45,09 Okt 2023,3.77,3.78,3.75,3.76,37.711.400,141.850.874.000,6.571
46,06 Okt 2023,3.78,3.8,3.77,3.78,60.156.100,227.370.203.000,6.815
47,05 Okt 2023,3.79,3.8,3.72,3.72,81.258.900,304.434.216.000,9.423
48,04 Okt 2023,3.8,3.8,3.74,3.78,77.527.700,292.527.797.000,7.86
49,03 Okt 2023,3.75,3.8,3.74,3.77,61.237.300,231.112.856.000,7.546
50,02 Okt 2023,3.75,3.78,3.73,3.75,71.945.000,269.654.030.000,8.968
51,29-Sep-23,3.73,3.8,3.73,3.75,66.226.800,249.352.929.000,7.36
52,27-Sep-23,3.75,3.78,3.72,3.72,83.337.700,311.596.557.000,9.899
53,26-Sep-23,3.77,3.8,3.75,3.76,74.734.500,282.093.073.000,11.003
54,25-Sep-23,3.81,3.84,3.77,3.77,126.985.200,481.761.091.000,14.67
55,22-Sep-23,3.83,3.88,3.81,3.86,101.185.700,390.064.407.000,12.658
56,21-Sep-23,3.81,3.84,3.79,3.81,94.880.700,361.836.841.000,10.044
57,20-Sep-23,3.74,3.85,3.74,3.81,171.751.900,654.446.397.000,20.792
58,19-Sep-23,3.69,3.74,3.69,3.73,47.905.700,178.390.522.000,7.814
59,18-Sep-23,3.7,3.72,3.68,3.68,40.645.900,150.227.931.000,7.356
60,15-Sep-23,3.68,3.78,3.67,3.72,147.757.300,550.422.705.000,13.183
61,14-Sep-23,3.71,3.72,3.68,3.68,55.532.900,204.967.431.000,10.2
62,13-Sep-23,3.72,3.72,3.67,3.71,82.635.900,305.084.232.000,12.733
63,12-Sep-23,3.7,3.74,3.7,3.71,72.170.600,267.924.524.000,8.892
64,11-Sep-23,3.71,3.71,3.68,3.7,76.577.500,282.997.757.000,8.416
65,8-Sep-23,3.77,3.77,3.67,3.69,143.090.100,530.032.623.000,19.236
66,7-Sep-23,3.78,3.79,3.73,3.76,63.054.500,237.449.085.000,7.278
67,6-Sep-23,3.75,3.81,3.74,3.79,98.673.400,373.604.852.000,11.724
68,5-Sep-23,3.73,3.75,3.71,3.74,62.933.300,235.093.402.000,5.454
69,4-Sep-23,3.72,3.75,3.71,3.73,55.881.900,208.491.168.000,7.392
70,1-Sep-23,3.71,3.74,3.71,3.72,82.253.200,305.853.076.000,8.483
71,31 Agt 2023,3.81,3.82,3.7,3.73,227.635.800,849.376.976.000,16.852
72,30 Agt 2023,3.73,3.85,3.72,3.81,130.027.200,495.319.144.000,15.865
73,29 Agt 2023,3.7,3.72,3.7,3.72,53.453.600,198.416.971.000,8.088
74,28 Agt 2023,3.73,3.74,3.7,3.7,37.727.500,140.121.600.000,8.176
75,25 Agt 2023,3.7,3.73,3.7,3.72,42.049.200,156.112.499.000,8.171
76,24 Agt 2023,3.73,3.77,3.72,3.72,82.789.700,308.939.755.000,10.825
77,23 Agt 2023,3.75,3.77,3.73,3.74,84.842.500,317.990.026.000,9.698
78,22 Agt 2023,3.74,3.78,3.73,3.75,98.059.600,368.662.304.000,7.58
79,21 Agt 2023,3.76,3.78,3.72,3.74,64.449.000,241.537.014.000,10.8
80,18 Agt 2023,3.79,3.8,3.76,3.76,108.780.100,410.658.405.000,10.095
81,16 Agt 2023,3.79,3.83,3.75,3.83,117.021.600,443.292.573.000,13.338
82,15 Agt 2023,3.8,3.83,3.8,3.82,80.015.200,305.010.152.000,7.421
83,14 Agt 2023,3.81,3.83,3.76,3.83,86.871.800,330.754.858.000,8.048
84,11 Agt 2023,3.83,3.84,3.79,3.81,109.714.400,418.242.051.000,9.192
85,10 Agt 2023,3.8,3.83,3.8,3.8,142.784.700,544.387.254.000,11.194
86,09 Agt 2023,3.75,3.8,3.74,3.77,129.416.100,488.446.885.000,13.935
87,08 Agt 2023,3.68,3.76,3.68,3.73,147.407.500,548.951.032.000,10.973
88,07 Agt 2023,3.7,3.72,3.68,3.68,94.909.700,350.728.570.000,13.775
89,04 Agt 2023,3.72,3.73,3.69,3.69,67.746.800,250.851.419.000,13.535
90,03 Agt 2023,3.67,3.76,3.67,3.72,82.013.300,305.796.106.000,10.432
91,02 Agt 2023,3.74,3.74,3.68,3.69,121.333.500,449.142.746.000,19.388
92,01 Agt 2023,3.7,3.78,3.7,3.75,97.680.500,365.756.258.000,14.116
93,31-Jul-23,3.7,3.75,3.67,3.72,153.583.300,571.504.193.000,17.444
94,28-Jul-23,3.71,3.75,3.69,3.72,181.626.700,674.262.677.000,29.338
95,27-Jul-23,3.84,3.86,3.72,3.72,235.026.400,888.897.825.000,45.385
96,26-Jul-23,3.89,3.9,3.83,3.88,86.732.900,334.923.533.000,13.44
97,25-Jul-23,3.92,3.92,3.88,3.88,66.434.400,258.611.164.000,9.8
98,24-Jul-23,3.88,3.93,3.87,3.9,80.710.100,314.771.174.000,10.888
99,21-Jul-23,3.84,3.87,3.84,3.86,53.955.100,207.936.227.000,8.696
100,20-Jul-23,3.82,3.86,3.81,3.85,88.907.600,341.024.732.000,12.452
101,18-Jul-23,3.93,3.93,3.82,3.85,155.407.600,600.707.203.000,30.954
102,17-Jul-23,3.95,3.97,3.91,3.91,81.399.700,319.892.089.000,13.196
103,14-Jul-23,3.96,3.96,3.92,3.93,64.886.900,255.478.581.000,10.26
104,13-Jul-23,3.96,3.97,3.91,3.92,83.009.900,326.726.871.000,16.836
105,12-Jul-23,3.98,4.01,3.97,3.98,73.770.400,294.139.227.000,9.696
106,11-Jul-23,3.95,3.99,3.95,3.98,89.768.500,357.080.957.000,6.81
107,10-Jul-23,3.96,3.98,3.94,3.95,65.643.300,259.389.791.000,11.459
108,7-Jul-23,3.96,3.98,3.95,3.96,50.474.800,199.873.017.000,7.827
109,6-Jul-23,3.97,3.99,3.96,3.96,68.088.900,270.173.430.000,10.77
110,5-Jul-23,3.97,3.98,3.95,3.98,43.303.000,171.722.569.000,8.945
111,4-Jul-23,4,4.01,3.97,3.97,33.974.300,135.429.636.000,7.386
112,3-Jul-23,4.03,4.03,3.97,4,75.193.800,300.916.664.000,9.766
113,27-Jun-23,4.03,4.03,3.99,4,64.890.400,260.410.904.000,10.748
114,26-Jun-23,3.94,3.99,3.94,3.99,36.011.500,143.107.191.000,5.94
115,23-Jun-23,3.94,3.96,3.94,3.95,41.812.400,165.126.198.000,7.595
116,22-Jun-23,3.98,3.99,3.94,3.94,56.150.900,221.959.154.000,13.023
117,21-Jun-23,3.97,3.98,3.95,3.98,60.228.700,238.879.793.000,12.246
118,20-Jun-23,3.98,3.99,3.95,3.99,55.155.600,219.487.466.000,8.671
119,19-Jun-23,3.96,3.99,3.95,3.96,54.934.100,217.990.699.000,15.202
120,16-Jun-23,4.02,4.03,3.96,3.97,160.978.900,640.372.113.000,17.474
121,15-Jun-23,3.99,4.04,3.98,4.02,85.391.800,342.573.950.000,12.974
122,14-Jun-23,4.02,4.04,3.99,4,110.730.800,443.679.377.000,14.809
123,13-Jun-23,4.04,4.06,4.03,4.03,69.609.000,281.319.797.000,18.227
124,12-Jun-23,4.04,4.05,4.01,4.05,94.687.300,382.452.727.000,12.97
125,9-Jun-23,4.17,4.17,4.14,4.15,83.313.600,345.823.290.000,8.494
126,8-Jun-23,4.16,4.18,4.12,4.17,78.989.700,328.447.232.000,9.758
127,7-Jun-23,4.1,4.15,4.08,4.15,99.440.800,409.633.224.000,10.742
128,6-Jun-23,4.09,4.13,4.05,4.09,95.901.900,392.540.701.000,10.191
129,5-Jun-23,4.06,4.13,4.02,4.08,189.129.300,772.983.512.000,16.36
130,31 Mei 2023,4.12,4.16,4.04,4.04,609.343.100,2.467.541.294.000,14.546
131,30 Mei 2023,4.14,4.19,4.12,4.12,97.109.600,402.411.987.000,13.421
132,29 Mei 2023,4.12,4.2,4.09,4.2,77.540.300,320.853.854.000,10.015
133,26 Mei 2023,4.14,4.16,4.11,4.13,62.211.800,256.624.676.000,7.841
134,25 Mei 2023,4.19,4.22,4.12,4.12,106.182.800,441.841.309.000,12.626
135,24 Mei 2023,4.02,4.2,4.02,4.16,177.550.900,734.502.754.000,22.463
136,23 Mei 2023,4.03,4.08,4.03,4.04,102.536.600,415.724.801.000,12.194
137,22 Mei 2023,4,4.08,3.98,4.04,115.693.800,466.624.905.000,14.384
138,19 Mei 2023,3.99,4.06,3.97,4.02,78.462.500,315.923.916.000,10.47
139,17 Mei 2023,3.98,4.02,3.96,3.99,83.283.900,332.346.169.000,11.172
140,16 Mei 2023,4.02,4.02,3.94,3.98,80.225.000,318.930.540.000,12.029
141,15 Mei 2023,3.99,3.99,3.93,3.98,113.329.300,448.754.322.000,14.676
142,12 Mei 2023,4.05,4.05,3.95,3.98,208.201.500,829.681.967.000,25.233
143,11 Mei 2023,4.1,4.12,4.06,4.09,74.174.700,302.834.522.000,11.315
144,10 Mei 2023,4.05,4.13,4.04,4.13,84.464.000,346.405.597.000,10.414
145,09 Mei 2023,4.05,4.09,4.03,4.07,106.375.600,432.031.369.000,13.079
146,08 Mei 2023,4.17,4.18,4.04,4.06,121.002.600,494.081.036.000,18.077
147,05 Mei 2023,4.16,4.17,4.08,4.17,98.880.100,408.240.005.000,11.738
148,04 Mei 2023,4.17,4.19,4.14,4.15,82.589.400,344.275.630.000,9.466
149,03 Mei 2023,4.2,4.2,4.08,4.15,137.237.900,566.261.096.000,12.567
150,02 Mei 2023,4.21,4.22,4.13,4.19,144.759.400,604.392.008.000,20.795
151,28-Apr-23,4.27,4.32,4.22,4.25,112.116.900,476.883.184.000,13.81
152,27-Apr-23,4.45,4.45,4.3,4.32,69.904.200,304.007.577.000,11.899
153,26-Apr-23,4.48,4.5,4.33,4.4,198.984.100,875.697.838.000,18.297
154,18-Apr-23,4.24,4.28,4.23,4.27,65.654.100,280.170.170.000,6.899
155,17-Apr-23,4.34,4.34,4.25,4.27,59.689.800,255.335.010.000,7.961
156,14-Apr-23,4.34,4.36,4.32,4.34,92.879.100,403.150.425.000,6.755
157,13-Apr-23,4.34,4.35,4.29,4.34,149.293.500,646.440.973.000,10.23
158,12-Apr-23,4.32,4.35,4.26,4.31,154.729.200,666.685.594.000,10.972
159,11-Apr-23,4.29,4.3,4.25,4.3,84.322.900,361.546.873.000,13.213
160,10-Apr-23,4.25,4.3,4.19,4.3,67.857.900,287.943.725.000,9.456
161,6-Apr-23,4.2,4.27,4.17,4.25,131.332.200,556.127.483.000,17.62
162,5-Apr-23,4.1,4.17,4.08,4.15,70.840.100,292.880.118.000,14.524
163,4-Apr-23,4.08,4.1,4.04,4.06,65.909.500,267.602.100.000,6.037
164,3-Apr-23,4.1,4.1,4.07,4.08,48.049.100,196.195.876.000,7.389
165,31-Mar-23,4.11,4.12,4.04,4.06,93.749.900,381.104.478.000,7.867
166,30-Mar-23,4.05,4.13,4.04,4.09,87.710.800,357.752.707.000,8.187
167,29-Mar-23,4.09,4.12,4.07,4.1,88.345.200,361.964.303.000,7.711
168,28-Mar-23,4.1,4.1,4.03,4.05,72.490.700,293.897.954.000,6.049
169,27-Mar-23,4.1,4.12,4.03,4.05,71.563.800,290.963.101.000,8.228
170,24-Mar-23,4.1,4.12,4.06,4.07,126.339.800,516.289.845.000,11.609
171,21-Mar-23,4,4.12,4,4.12,65.684.600,268.606.970.000,8.978
172,20-Mar-23,4.05,4.05,3.94,3.99,106.226.400,424.374.125.000,9.513
173,17-Mar-23,4.09,4.1,4.03,4.05,153.263.500,622.960.376.000,10.896
174,16-Mar-23,4.04,4.06,3.98,4.05,79.971.900,322.689.624.000,9.85
175,15-Mar-23,4.05,4.06,3.99,4.01,51.995.000,209.010.331.000,6.888
176,14-Mar-23,4.03,4.09,4,4.02,111.571.600,451.366.236.000,11.612
177,13-Mar-23,4.02,4.09,3.98,4.07,104.663.300,424.256.919.000,11.402
178,10-Mar-23,3.96,4.02,3.93,4.01,77.752.800,310.709.937.000,11.348
179,9-Mar-23,3.97,4,3.96,3.97,68.725.500,273.689.036.000,10.31
180,8-Mar-23,3.85,3.94,3.85,3.94,61.321.500,239.386.017.000,8.45
181,7-Mar-23,3.89,3.91,3.85,3.88,48.550.800,188.218.957.000,8.017
182,6-Mar-23,3.94,3.95,3.87,3.88,50.314.300,196.339.254.000,7.979
183,3-Mar-23,3.88,3.92,3.87,3.9,49.796.000,193.887.184.000,6.732
184,2-Mar-23,3.9,3.93,3.88,3.88,43.295.900,168.524.856.000,8.806
185,1-Mar-23,3.93,3.99,3.91,3.93,47.395.200,187.089.419.000,10.705
186,28-Feb-23,3.93,3.97,3.88,3.88,115.766.900,451.675.494.000,9.8
187,27-Feb-23,3.99,4,3.92,3.96,57.654.200,227.692.105.000,9.565
188,24-Feb-23,4,4.04,3.95,4.04,164.920.600,661.579.613.000,17.436
189,23-Feb-23,3.95,3.97,3.89,3.97,109.836.000,432.796.161.000,15.326
190,22-Feb-23,3.85,3.87,3.8,3.86,57.523.100,220.971.122.000,9.32
191,21-Feb-23,3.85,3.87,3.83,3.84,63.880.300,245.630.146.000,7.411
192,20-Feb-23,3.76,3.82,3.76,3.82,57.447.000,218.109.147.000,10.366
193,17-Feb-23,3.77,3.77,3.72,3.76,42.098.000,157.667.117.000,18.211
194,16-Feb-23,3.8,3.8,3.75,3.77,49.879.600,187.908.764.000,7.993
195,15-Feb-23,3.81,3.82,3.73,3.79,77.025.900,290.172.859.000,13.21
196,14-Feb-23,3.83,3.83,3.76,3.8,67.045.500,254.490.709.000,9.43
197,13-Feb-23,3.8,3.81,3.75,3.79,55.673.600,210.621.994.000,8.637
198,10-Feb-23,3.75,3.8,3.69,3.8,88.759.600,331.913.239.000,19.641
199,9-Feb-23,3.84,3.84,3.76,3.77,78.182.700,296.703.579.000,18.034
200,8-Feb-23,3.8,3.85,3.79,3.84,65.861.100,251.483.993.000,11.462
201,7-Feb-23,3.88,3.88,3.8,3.8,76.254.900,291.609.925.000,15.905
202,6-Feb-23,3.86,3.91,3.85,3.88,58.861.400,227.696.756.000,8.431
203,3-Feb-23,3.91,3.92,3.87,3.88,55.174.900,214.866.487.000,8.654
204,2-Feb-23,3.85,3.9,3.84,3.89,65.400.800,253.358.325.000,9.269
205,1-Feb-23,3.85,3.9,3.84,3.87,71.003.200,274.277.390.000,12.029
206,31-Jan-23,3.94,3.95,3.85,3.85,129.229.000,499.258.559.000,14.05
207,30-Jan-23,3.96,3.97,3.91,3.96,85.280.800,336.253.027.000,7.668
208,27-Jan-23,3.97,3.99,3.95,3.96,85.510.700,339.110.943.000,11.402
209,26-Jan-23,3.85,4,3.85,3.97,117.243.400,463.010.248.000,12.593
210,25-Jan-23,3.85,3.88,3.81,3.84,70.264.300,270.221.896.000,9.316
211,24-Jan-23,3.89,3.91,3.85,3.85,37.497.500,145.170.946.000,8.314
212,20-Jan-23,3.91,3.92,3.85,3.87,76.520.200,296.708.603.000,9.579
213,19-Jan-23,3.9,3.98,3.88,3.89,94.021.600,368.089.629.000,9.967
214,18-Jan-23,4.01,4.01,3.9,3.93,94.774.000,373.038.908.000,11.336
215,17-Jan-23,3.87,3.99,3.86,3.95,132.256.600,522.148.141.000,14.146
216,16-Jan-23,3.78,3.85,3.78,3.85,46.693.300,178.783.198.000,7.295
217,13-Jan-23,3.82,3.86,3.77,3.78,85.817.100,325.634.602.000,11.012
218,12-Jan-23,3.79,3.9,3.78,3.86,93.386.300,359.418.149.000,10.773
219,11-Jan-23,3.82,3.9,3.79,3.87,93.911.500,362.943.421.000,9.925
220,10-Jan-23,3.81,3.85,3.75,3.83,65.259.000,248.500.057.000,8.439
221,9-Jan-23,3.73,3.79,3.73,3.79,46.617.800,175.289.612.000,6.648
222,6-Jan-23,3.75,3.77,3.71,3.71,65.207.400,243.428.606.000,10.707
223,5-Jan-23,3.8,3.82,3.72,3.77,135.167.000,506.851.892.000,11.966
224,4-Jan-23,3.84,3.86,3.81,3.82,56.942.300,218.016.958.000,7.739
225,3-Jan-23,3.79,3.89,3.77,3.86,64.297.400,248.221.930.000,11.232
226,2-Jan-23,3.75,3.8,3.75,3.8,10.522.400,39.687.918.000,4.627
227,30 Des 2022,3.76,3.8,3.75,3.75,79.677.300,300.395.885.000,9.41
228,29 Des 2022,3.72,3.79,3.71,3.78,51.703.500,194.711.799.000,8.794
229,28 Des 2022,3.8,3.81,3.71,3.73,74.363.000,278.744.555.000,10.707
230,27 Des 2022,3.77,3.84,3.75,3.81,52.322.200,199.375.259.000,9.277
231,26 Des 2022,3.78,3.8,3.73,3.75,19.321.700,72.505.782.000,5.217
232,23 Des 2022,3.71,3.78,3.7,3.78,45.179.400,169.106.984.000,6.405
233,22 Des 2022,3.8,3.81,3.74,3.75,58.085.600,218.865.457.000,7.593
234,21 Des 2022,3.69,3.79,3.67,3.79,98.749.700,368.488.915.000,9.329
235,20 Des 2022,3.73,3.75,3.7,3.72,55.575.600,206.687.896.000,7.324
236,19 Des 2022,3.74,3.79,3.68,3.72,104.424.400,389.159.505.000,10.73
237,16 Des 2022,3.61,3.74,3.61,3.68,212.673.200,783.225.382.000,11.218
238,15 Des 2022,3.68,3.72,3.67,3.67,118.155.300,435.293.637.000,11.041
239,14 Des 2022,3.82,3.82,3.74,3.75,107.186.900,405.269.719.000,14.471
240,13 Des 2022,3.69,3.79,3.68,3.75,202.138.600,760.081.634.000,17.428
241,12 Des 2022,3.67,3.71,3.64,3.7,151.153.300,557.433.170.000,15.606
242,09 Des 2022,3.68,3.72,3.63,3.65,146.968.500,539.140.172.000,18.352
243,08 Des 2022,3.7,3.78,3.62,3.74,224.430.000,832.053.173.000,22.063
244,07 Des 2022,3.6,3.7,3.57,3.68,245.920.400,899.714.525.000,23.593
245,06 Des 2022,3.64,3.72,3.58,3.6,416.631.500,1.510.448.536.000,54.592
246,05 Des 2022,3.98,3.99,3.82,3.84,171.687.400,666.420.414.000,39.103
247,02 Des 2022,3.95,4.02,3.93,4,113.759.000,452.963.356.000,14.963
248,01 Des 2022,4.02,4.04,3.96,3.96,202.050.500,806.218.955.000,30.745
249,30-Nov-22,3.97,4.05,3.97,4.04,358.989.500,1.448.170.378.000,15.014
250,29-Nov-22,3.98,4.02,3.98,3.98,80.346.000,320.877.255.000,15.194
251,28-Nov-22,4.03,4.04,3.98,3.98,74.305.800,297.012.528.000,12.074
252,25-Nov-22,4.01,4.04,3.98,4.03,58.170.700,233.043.540.000,11.245
253,24-Nov-22,3.98,4.04,3.98,4.03,62.551.300,251.401.228.000,9.438
254,23-Nov-22,3.99,4.03,3.97,3.97,99.302.300,396.185.264.000,19.656
255,22-Nov-22,4.02,4.04,4,4,83.888.300,336.506.840.000,20.121
256,21-Nov-22,4.02,4.06,4.01,4.03,54.668.700,220.112.279.000,8.21
257,18-Nov-22,4.07,4.08,4.01,4.01,115.963.200,466.758.027.000,14.485
258,17-Nov-22,4.02,4.07,4.02,4.04,68.652.000,277.829.263.000,9.61
259,16-Nov-22,4,4.07,3.96,4.05,149.575.300,603.133.058.000,18
260,15-Nov-22,4.05,4.08,4.03,4.05,76.947.000,311.763.598.000,13.554
261,14-Nov-22,4.09,4.12,4.03,4.05,205.445.400,836.122.503.000,29.333
262,11-Nov-22,4.16,4.18,4.14,4.15,227.799.300,947.303.445.000,13.397
263,10-Nov-22,4.11,4.21,4.11,4.17,68.170.100,284.044.412.000,8.673
264,9-Nov-22,4.2,4.23,4.18,4.19,109.215.700,458.508.971.000,11.923
265,8-Nov-22,4.27,4.28,4.2,4.22,110.577.600,467.667.673.000,9.821
266,7-Nov-22,4.25,4.28,4.16,4.28,105.536.100,446.879.263.000,12.035
267,4-Nov-22,4.07,4.21,4.07,4.21,167.150.400,692.809.676.000,14.349
268,3-Nov-22,4.14,4.17,4.05,4.13,214.866.800,888.088.502.000,21.59
269,2-Nov-22,4.4,4.42,4.22,4.22,187.794.400,805.588.316.000,24.435
270,1-Nov-22,4.42,4.42,4.36,4.42,93.209.100,409.864.553.000,10.836
271,31 Okt 2022,4.46,4.46,4.36,4.39,128.436.900,565.097.691.000,11.97
272,28 Okt 2022,4.42,4.45,4.38,4.45,68.630.200,303.237.330.000,9.147
273,27 Okt 2022,4.39,4.41,4.34,4.37,80.281.900,350.720.763.000,8.258
274,26 Okt 2022,4.42,4.43,4.33,4.37,84.661.900,369.936.183.000,7.2
275,25 Okt 2022,4.43,4.47,4.39,4.39,109.228.600,481.888.797.000,9.179
276,24 Okt 2022,4.38,4.45,4.38,4.41,76.777.200,339.408.384.000,8.036
277,21 Okt 2022,4.3,4.39,4.3,4.36,79.825.700,348.543.608.000,9.249
278,20 Okt 2022,4.2,4.35,4.2,4.35,165.391.500,714.481.636.000,10.692
279,19 Okt 2022,4.22,4.3,4.2,4.2,65.848.300,279.449.720.000,8.684
280,18 Okt 2022,4.31,4.34,4.25,4.25,72.516.000,311.413.244.000,8
281,17 Okt 2022,4.2,4.33,4.2,4.33,90.321.700,386.181.735.000,10.337
282,14 Okt 2022,4.36,4.36,4.29,4.29,68.462.000,295.461.805.000,7.168
283,13 Okt 2022,4.33,4.35,4.29,4.3,70.034.500,302.193.778.000,8.285
284,12 Okt 2022,4.3,4.35,4.28,4.34,107.938.600,466.262.725.000,11.698
285,11 Okt 2022,4.36,4.38,4.31,4.31,108.794.500,470.911.272.000,15.104
286,10 Okt 2022,4.34,4.42,4.33,4.42,72.389.100,316.916.632.000,11.633
287,07 Okt 2022,4.4,4.43,4.35,4.35,102.570.000,449.141.340.000,17.676
288,06 Okt 2022,4.46,4.48,4.42,4.43,60.464.300,268.159.396.000,7.97
289,05 Okt 2022,4.49,4.54,4.46,4.46,61.888.400,278.363.785.000,10.345
290,04 Okt 2022,4.46,4.51,4.43,4.44,87.832.800,392.423.373.000,9.516
291,03 Okt 2022,4.46,4.47,4.38,4.46,77.569.100,344.577.675.000,9.152
292,30-Sep-22,4.4,4.5,4.39,4.46,111.482.000,496.974.630.000,10.415
293,29-Sep-22,4.46,4.5,4.42,4.44,90.290.400,401.553.687.000,7.921
294,28-Sep-22,4.43,4.53,4.4,4.47,104.385.500,468.043.997.000,9.117
295,27-Sep-22,4.45,4.47,4.38,4.44,123.113.800,545.766.021.000,12.288
296,26-Sep-22,4.39,4.51,4.3,4.46,132.185.400,585.242.593.000,13.527
297,23-Sep-22,4.4,4.43,4.38,4.38,95.911.400,421.654.641.000,14.56
298,22-Sep-22,4.4,4.45,4.38,4.43,89.922.900,397.999.293.000,10.715
299,21-Sep-22,4.45,4.47,4.41,4.43,91.363.200,405.334.066.000,9.618
300,20-Sep-22,4.53,4.54,4.48,4.48,100.743.700,453.684.216.000,7.98
301,19-Sep-22,4.46,4.56,4.44,4.5,116.164.500,524.372.312.000,11.213
302,16-Sep-22,4.5,4.5,4.41,4.41,210.277.300,931.426.933.000,18.493
303,15-Sep-22,4.54,4.6,4.5,4.5,125.599.900,571.933.775.000,12.775
304,14-Sep-22,4.49,4.53,4.46,4.48,97.919.200,439.845.966.000,15.378
305,13-Sep-22,4.54,4.56,4.52,4.52,91.510.200,414.745.333.000,11.289
306,12-Sep-22,4.6,4.6,4.53,4.54,74.820.600,340.545.808.000,8.93
307,9-Sep-22,4.55,4.6,4.53,4.6,50.307.800,229.843.686.000,8.267
308,8-Sep-22,4.5,4.64,4.5,4.56,123.389.200,566.519.576.000,10.769
309,7-Sep-22,4.5,4.56,4.48,4.49,93.492.500,422.367.010.000,11.854
310,6-Sep-22,4.61,4.62,4.51,4.51,62.106.700,282.649.554.000,8.563
311,5-Sep-22,4.56,4.63,4.55,4.62,77.323.800,355.556.675.000,7.77
312,2-Sep-22,4.54,4.62,4.54,4.6,90.586.100,415.630.345.000,9.365
313,1-Sep-22,4.56,4.65,4.53,4.58,120.929.500,555.444.052.000,13.01
314,31 Agt 2022,4.42,4.6,4.42,4.56,175.300.400,794.832.029.000,14.305
315,30 Agt 2022,4.58,4.62,4.48,4.48,102.482.500,467.102.002.000,10.318
316,29 Agt 2022,4.37,4.55,4.36,4.52,112.724.400,505.546.331.000,10.458
317,26 Agt 2022,4.51,4.54,4.48,4.49,184.317.100,830.362.943.000,16.983
318,25 Agt 2022,4.68,4.7,4.56,4.57,179.495.700,825.512.437.000,19.746
319,24 Agt 2022,4.66,4.77,4.6,4.75,189.007.900,892.798.793.000,11.482
320,23 Agt 2022,4.68,4.71,4.61,4.66,229.431.400,1.071.742.677.000,14.081
321,22 Agt 2022,4.55,4.66,4.53,4.65,202.320.400,934.041.944.000,10.741
322,19 Agt 2022,4.56,4.61,4.46,4.6,177.623.900,812.559.315.000,10.447
323,18 Agt 2022,4.36,4.55,4.35,4.55,182.044.300,813.359.760.000,15.408
324,16 Agt 2022,4.53,4.58,4.41,4.41,127.710.800,570.866.089.000,9.884
325,15 Agt 2022,4.54,4.57,4.44,4.45,136.882.800,614.442.832.000,15.049
326,12 Agt 2022,4.57,4.6,4.53,4.55,124.628.300,568.302.474.000,8.858
327,11 Agt 2022,4.55,4.61,4.52,4.57,123.629.000,565.471.372.000,12.28
328,10 Agt 2022,4.53,4.59,4.49,4.56,162.061.400,737.186.106.000,14.24
329,09 Agt 2022,4.7,4.7,4.63,4.64,164.453.900,764.235.246.000,13.749
330,08 Agt 2022,4.7,4.7,4.65,4.7,191.023.500,894.555.296.000,15.812
331,05 Agt 2022,4.59,4.65,4.53,4.65,268.967.200,1.243.989.702.000,17.097
332,04 Agt 2022,4.45,4.55,4.45,4.55,159.416.400,720.604.225.000,13.247
333,03 Agt 2022,4.45,4.59,4.41,4.5,252.366.500,1.132.268.104.000,27.046
334,02 Agt 2022,4.35,4.45,4.25,4.45,112.235.100,489.576.767.000,13.684
335,01 Agt 2022,4.23,4.3,4.23,4.3,104.724.300,447.671.621.000,9.428
336,29-Jul-22,4.28,4.3,4.21,4.23,108.823.600,461.213.044.000,10.031
337,28-Jul-22,4.31,4.32,4.19,4.24,110.767.300,470.752.298.000,11.404
338,27-Jul-22,4.23,4.3,4.21,4.3,60.672.300,258.126.292.000,7.035
339,26-Jul-22,4.24,4.25,4.19,4.25,49.786.900,210.451.309.000,6.961
340,25-Jul-22,4.24,4.26,4.22,4.24,37.218.000,157.808.768.000,6.084
341,22-Jul-22,4.24,4.24,4.19,4.23,59.792.300,252.450.009.000,7.592
342,21-Jul-22,4.21,4.26,4.18,4.26,107.234.600,452.934.688.000,8.168
343,20-Jul-22,4.14,4.22,4.14,4.21,82.344.000,345.642.368.000,10.151
344,19-Jul-22,4.19,4.19,4.13,4.16,91.367.900,380.622.487.000,7.929
345,18-Jul-22,4.11,4.19,4.07,4.19,84.009.400,347.083.598.000,10.354
346,15-Jul-22,4.04,4.21,4.01,4.15,146.093.800,604.575.541.000,20.103
347,14-Jul-22,3.94,4.02,3.9,4.02,68.708.500,273.863.231.000,9.668
348,13-Jul-22,4.01,4.03,3.93,3.94,96.218.200,382.021.728.000,13.656
349,12-Jul-22,4.06,4.06,4.01,4.01,43.399.800,174.515.516.000,6.232
350,11-Jul-22,4.1,4.1,4,4.04,42.258.000,170.513.730.000,6.639
351,8-Jul-22,4.05,4.06,4,4.01,64.049.000,257.352.885.000,8.766
352,7-Jul-22,4.04,4.05,4.01,4.04,42.393.800,170.962.971.000,6.469
353,6-Jul-22,4.05,4.05,3.97,4.02,62.679.000,251.474.648.000,8.917
354,5-Jul-22,4.01,4.07,3.95,3.99,72.329.600,290.831.094.000,13.019
355,4-Jul-22,4.02,4.04,3.84,3.99,115.885.200,456.865.572.000,18.376
356,1-Jul-22,4.01,4.04,4,4.02,39.572.500,159.055.543.000,8.597
357,30-Jun-22,4.11,4.11,4,4,116.718.900,471.982.428.000,11.037
358,29-Jun-22,4,4.08,4,4.04,56.878.700,230.023.564.000,7.565
359,28-Jun-22,4.01,4.05,4,4.03,112.506.000,452.106.688.000,12.951
360,27-Jun-22,4.11,4.12,4.04,4.07,71.601.400,291.460.368.000,12.829
361,24-Jun-22,4.23,4.23,4.1,4.15,81.050.700,337.487.451.000,13.847
362,23-Jun-22,4.03,4.16,4.03,4.16,101.065.400,416.191.691.000,14.447
363,22-Jun-22,4.09,4.09,4.04,4.05,60.907.800,247.196.943.000,9.715
364,21-Jun-22,4.06,4.12,4.03,4.11,77.489.000,316.857.669.000,12.016
365,20-Jun-22,4.05,4.06,4,4.04,82.101.200,330.387.624.000,10.956
366,17-Jun-22,4.01,4.12,3.98,4.12,169.375.800,688.930.750.000,15.183
367,16-Jun-22,4.12,4.12,4.03,4.04,96.042.200,390.269.144.000,12.533
368,15-Jun-22,4.06,4.08,4.03,4.06,94.848.800,384.737.399.000,11.561
369,14-Jun-22,4.05,4.12,4.02,4.11,117.325.600,479.325.155.000,14.705
370,13-Jun-22,3.95,4.1,3.93,4.08,156.054.900,627.695.497.000,19.709
371,10-Jun-22,4.04,4.08,4,4.02,189.186.700,762.572.383.000,20.39
372,9-Jun-22,4.08,4.13,4.05,4.05,148.580.200,604.690.493.000,30.44
373,8-Jun-22,4.15,4.17,4.08,4.1,202.555.900,832.671.105.000,34.769
374,7-Jun-22,4.34,4.34,4.25,4.25,142.504.000,609.552.616.000,14.995
375,6-Jun-22,4.31,4.34,4.27,4.34,79.319.400,341.002.816.000,9.985
376,3-Jun-22,4.31,4.39,4.3,4.31,108.852.800,473.237.857.000,13.281
377,2-Jun-22,4.39,4.39,4.27,4.29,164.481.100,710.641.316.000,18.558
378,31 Mei 2022,4.27,4.33,4.23,4.31,469.620.300,2.020.330.147.000,13.984
379,30 Mei 2022,4.34,4.34,4.2,4.25,107.614.100,456.600.586.000,15.718
380,27 Mei 2022,4.26,4.3,4.21,4.3,186.513.500,796.520.814.000,16.738
381,25 Mei 2022,4.2,4.21,4.15,4.2,166.595.400,697.427.375.000,15.565
382,24 Mei 2022,4.12,4.2,4.12,4.15,151.693.700,629.634.862.000,12.657
383,23 Mei 2022,4.16,4.18,4.07,4.11,196.569.900,810.176.210.000,24.963
384,20 Mei 2022,4.22,4.23,4.17,4.17,141.701.800,595.103.966.000,14.908
385,19 Mei 2022,4.18,4.23,4.15,4.21,112.679.300,471.898.424.000,17.84
386,18 Mei 2022,4.23,4.29,4.19,4.25,185.359.500,786.481.275.000,17.707
387,17 Mei 2022,4.25,4.29,4.18,4.18,170.880.700,721.819.031.000,23.362
388,13 Mei 2022,4.25,4.35,4.23,4.26,190.889.200,818.880.936.000,15.331
389,12 Mei 2022,4.34,4.39,4.25,4.3,233.518.500,1.005.491.901.000,21.121
390,11 Mei 2022,4.4,4.48,4.33,4.33,154.455.400,679.987.963.000,20.18
391,10 Mei 2022,4.12,4.38,4.12,4.34,281.386.300,1.195.761.800.000,28.988
392,09 Mei 2022,4.56,4.56,4.3,4.31,343.682.000,1.509.964.168.000,49.787
393,28-Apr-22,4.85,4.85,4.62,4.62,198.484.800,928.409.761.000,23.449
394,27-Apr-22,4.72,4.79,4.72,4.77,136.485.600,650.003.502.000,10.355
395,26-Apr-22,4.68,4.76,4.67,4.76,85.945.800,406.533.777.000,10.665
396,25-Apr-22,4.61,4.72,4.58,4.71,92.045.500,429.297.459.000,9.245
397,22-Apr-22,4.62,4.68,4.58,4.62,101.299.100,468.192.776.000,10.548
398,21-Apr-22,4.62,4.67,4.6,4.62,97.575.800,450.894.430.000,9.398
399,20-Apr-22,4.68,4.69,4.62,4.63,88.360.900,411.231.018.000,10.719
400,19-Apr-22,4.74,4.75,4.68,4.68,92.268.300,433.306.960.000,7.77
401,18-Apr-22,4.72,4.73,4.69,4.71,120.778.200,568.553.852.000,7.2
402,14-Apr-22,4.7,4.73,4.66,4.68,112.735.200,529.030.845.000,7.865
403,13-Apr-22,4.7,4.72,4.65,4.69,196.864.200,924.386.548.000,12.019
404,12-Apr-22,4.62,4.63,4.58,4.63,187.948.000,865.929.708.000,10.112
405,11-Apr-22,4.61,4.61,4.55,4.59,90.521.500,414.147.154.000,9.346
406,8-Apr-22,4.58,4.61,4.56,4.58,161.974.500,742.070.296.000,11.342
407,7-Apr-22,4.45,4.54,4.44,4.54,143.921.800,649.668.852.000,11.19
408,6-Apr-22,4.49,4.5,4.42,4.43,108.368.800,482.615.696.000,15.65
409,5-Apr-22,4.55,4.55,4.5,4.52,52.172.300,235.537.117.000,9.123
410,4-Apr-22,4.56,4.57,4.49,4.54,103.480.300,467.577.651.000,12.571
411,1-Apr-22,4.55,4.58,4.53,4.58,86.590.300,394.850.658.000,9.76
412,31-Mar-22,4.62,4.64,4.56,4.58,108.109.700,496.044.318.000,7.505
413,30-Mar-22,4.62,4.62,4.56,4.58,118.749.100,544.144.682.000,6.638
414,29-Mar-22,4.6,4.62,4.56,4.56,77.920.800,357.048.321.000,9.463
415,28-Mar-22,4.51,4.6,4.5,4.6,184.131.000,842.388.219.000,10.825
416,25-Mar-22,4.51,4.54,4.48,4.52,90.053.700,405.952.713.000,10.697
417,24-Mar-22,4.5,4.57,4.5,4.56,89.578.400,406.778.515.000,7.964
418,23-Mar-22,4.55,4.57,4.5,4.55,78.299.500,355.308.293.000,9.105
419,22-Mar-22,4.55,4.58,4.54,4.55,98.699.900,449.803.581.000,7.798
420,21-Mar-22,4.55,4.57,4.52,4.55,79.691.600,362.155.407.000,7.193
421,18-Mar-22,4.49,4.54,4.47,4.54,210.266.100,950.722.168.000,6.933
422,17-Mar-22,4.55,4.58,4.45,4.48,246.300.800,1.107.017.152.000,24.023
423,16-Mar-22,4.66,4.66,4.55,4.63,109.961.900,505.036.044.000,14.705
424,15-Mar-22,4.63,4.63,4.57,4.62,231.077.800,1.062.878.168.000,11.239
425,14-Mar-22,4.65,4.67,4.54,4.58,166.572.700,765.383.302.000,13.095
426,11-Mar-22,4.41,4.59,4.4,4.59,143.446.200,644.089.544.000,12.969
427,10-Mar-22,4.5,4.5,4.38,4.41,130.830.800,577.901.772.000,13.19
428,9-Mar-22,4.55,4.62,4.42,4.44,145.145.900,648.294.987.000,15.974
429,8-Mar-22,4.6,4.7,4.54,4.62,234.086.000,1.080.112.947.000,18.553
430,7-Mar-22,4.4,4.53,4.37,4.51,177.360.400,793.404.773.000,23.442
431,4-Mar-22,4.44,4.44,4.3,4.4,155.369.100,679.830.435.000,14.867
432,2-Mar-22,4.4,4.4,4.27,4.29,152.165.300,658.981.363.000,17.492
433,1-Mar-22,4.64,4.65,4.35,4.35,206.416.900,920.091.488.000,23.714
434,25-Feb-22,4.24,4.35,4.24,4.34,208.757.000,902.967.011.000,14.876
435,24-Feb-22,4.28,4.32,4.2,4.24,126.158.600,535.792.651.000,24.074
436,23-Feb-22,4.28,4.37,4.27,4.35,110.562.400,477.750.318.000,10.141
437,22-Feb-22,4.32,4.36,4.25,4.3,106.985.800,458.449.367.000,16.233
438,21-Feb-22,4.37,4.42,4.34,4.37,58.883.000,257.811.657.000,11.451
439,18-Feb-22,4.42,4.44,4.37,4.4,71.111.300,313.764.250.000,7.887
440,17-Feb-22,4.4,4.44,4.36,4.41,72.970.200,320.727.593.000,6.771
441,16-Feb-22,4.42,4.46,4.38,4.4,90.121.200,397.918.198.000,8.785
442,15-Feb-22,4.4,4.44,4.36,4.41,75.305.900,331.309.150.000,9.836
443,14-Feb-22,4.38,4.4,4.31,4.4,104.903.700,457.303.229.000,14.42
444,11-Feb-22,4.5,4.55,4.41,4.45,130.081.900,579.846.051.000,10.467
445,10-Feb-22,4.4,4.47,4.34,4.46,233.984.700,1.033.973.370.000,21.166
446,9-Feb-22,4.28,4.28,4.21,4.28,95.375.000,405.538.555.000,9.625
447,8-Feb-22,4.28,4.28,4.23,4.23,71.210.400,302.385.090.000,9.377
448,7-Feb-22,4.23,4.29,4.21,4.29,90.285.800,385.052.515.000,10.082
449,4-Feb-22,4.26,4.26,4.18,4.23,98.728.700,416.246.816.000,10.939
450,3-Feb-22,4.2,4.21,4.16,4.2,58.212.400,243.492.962.000,9.994
451,2-Feb-22,4.17,4.2,4.15,4.17,144.006.000,601.069.464.000,11.762
452,31-Jan-22,4.21,4.25,4.19,4.19,88.735.900,373.522.218.000,11.29
453,28-Jan-22,4.26,4.3,4.23,4.26,61.686.700,262.753.892.000,8.901
454,27-Jan-22,4.4,4.4,4.26,4.27,98.613.900,424.213.970.000,15.605
455,26-Jan-22,4.38,4.39,4.29,4.39,127.641.400,554.620.690.000,11.352
456,25-Jan-22,4.31,4.32,4.25,4.29,116.353.600,498.371.307.000,10.745
457,24-Jan-22,4.26,4.31,4.25,4.3,70.404.500,301.399.972.000,11.149
458,21-Jan-22,4.24,4.33,4.19,4.33,75.534.800,323.107.158.000,10.501
459,20-Jan-22,4.3,4.3,4.19,4.22,100.014.500,425.294.580.000,10.406
460,19-Jan-22,4.26,4.26,4.23,4.25,88.713.900,376.474.686.000,7.772
461,18-Jan-22,4.2,4.25,4.16,4.25,112.212.200,472.433.422.000,13.974
462,17-Jan-22,4.2,4.2,4.14,4.18,39.816.300,165.990.858.000,6.191
463,14-Jan-22,4.14,4.19,4.13,4.19,28.193.100,117.575.006.000,5.608
464,13-Jan-22,4.17,4.18,4.11,4.18,84.148.400,350.285.031.000,9.851
465,12-Jan-22,4.11,4.14,4.07,4.11,45.132.700,184.985.007.000,7.486
466,11-Jan-22,4.12,4.16,4.09,4.09,61.890.200,254.399.092.000,10.009
467,10-Jan-22,4.18,4.19,4.1,4.1,44.921.200,186.194.188.000,7.007
468,7-Jan-22,4.12,4.19,4.09,4.17,68.415.100,284.506.044.000,10.585
469,6-Jan-22,4.09,4.12,4.03,4.12,89.197.500,364.524.434.000,12.192
470,5-Jan-22,4.15,4.19,4.03,4.05,119.584.700,487.285.952.000,18.508
471,4-Jan-22,4.18,4.2,4.15,4.17,42.984.700,179.360.606.000,7.383
472,3-Jan-22,4.06,4.18,4.05,4.18,65.937.900,273.137.136.000,10.041
473,30 Des 2021,4.13,4.13,4.04,4.04,50.575.100,205.787.419.000,7.748
474,29 Des 2021,4.1,4.13,4.08,4.08,25.596.100,104.761.514.000,5.015
475,28 Des 2021,4.08,4.13,4.05,4.09,39.443.300,160.789.984.000,6.699
476,27 Des 2021,4.15,4.15,4.07,4.08,30.748.000,125.844.781.000,5.516
477,24 Des 2021,4.16,4.17,4.1,4.11,29.075.600,119.758.181.000,5.738
478,23 Des 2021,4.11,4.16,4.1,4.16,54.508.200,225.226.605.000,7.611
479,22 Des 2021,4.16,4.17,4.11,4.11,50.574.500,209.080.644.000,9.084
480,21 Des 2021,4.11,4.19,4.1,4.16,98.039.300,406.890.191.000,12.804
481,20 Des 2021,4.07,4.11,4.04,4.08,72.794.200,297.109.906.000,9.383
482,17 Des 2021,4.01,4.1,4.01,4.1,149.615.800,607.572.533.000,10.781
483,16 Des 2021,4.11,4.15,4.06,4.1,98.164.300,402.790.457.000,9.548
484,15 Des 2021,4.06,4.14,4.06,4.08,84.424.500,345.930.571.000,9.293
485,14 Des 2021,4.12,4.12,4.07,4.1,75.736.900,309.981.818.000,7.178
486,13 Des 2021,4.15,4.15,4.08,4.08,65.533.000,268.147.603.000,9.454
487,10 Des 2021,4.07,4.15,4.07,4.15,90.725.000,372.988.697.000,8.875
488,09 Des 2021,4.09,4.15,4.08,4.15,86.985.800,357.985.686.000,9.195
489,08 Des 2021,4.1,4.12,4.01,4.09,113.845.600,464.769.268.000,14.801
490,07 Des 2021,4.18,4.2,4.12,4.15,121.543.400,503.758.394.000,11.581
491,06 Des 2021,4.06,4.25,4.05,4.17,106.756.900,444.615.933.000,12.851
492,03 Des 2021,4.13,4.18,4.05,4.07,96.760.700,396.855.242.000,12.114
493,02 Des 2021,4.14,4.19,4.1,4.16,116.093.100,483.353.793.000,20.432
494,01 Des 2021,4.04,4.15,4.02,4.08,200.699.200,824.749.170.000,23.105
495,30-Nov-21,4.15,4.17,3.99,3.99,435.800.600,1.763.089.669.000,20.299
496,29-Nov-21,4.01,4.17,3.98,4.14,228.774.600,934.262.847.000,22.423
497,26-Nov-21,4.04,4.05,3.97,4.01,231.870.300,929.610.235.000,15.081
498,25-Nov-21,3.88,4.09,3.85,4,264.897.100,1.057.524.978.000,26.048
499,24-Nov-21,3.84,3.84,3.79,3.8,67.303.800,256.747.776.000,8.401
500,23-Nov-21,3.8,3.85,3.78,3.8,67.778.800,257.990.098.000,9.705
501,22-Nov-21,3.92,3.93,3.78,3.8,206.683.100,791.019.944.000,20.644
502,19-Nov-21,3.66,3.92,3.66,3.9,310.615.000,1.190.022.321.000,37.936
503,18-Nov-21,3.63,3.64,3.6,3.63,53.290.400,192.950.755.000,6.972
504,17-Nov-21,3.69,3.69,3.6,3.63,82.023.300,297.256.919.000,13.877
505,16-Nov-21,3.59,3.68,3.59,3.67,99.590.700,364.219.436.000,11.729
506,15-Nov-21,3.6,3.65,3.6,3.6,91.001.800,329.364.150.000,15.28
507,12-Nov-21,3.66,3.66,3.6,3.6,115.142.400,417.015.408.000,18.484
508,11-Nov-21,3.7,3.73,3.64,3.65,95.789.600,350.866.987.000,16.152
509,10-Nov-21,3.67,3.72,3.67,3.7,53.511.200,198.113.379.000,9.08
510,9-Nov-21,3.73,3.74,3.68,3.71,92.427.800,343.213.314.000,13.895
511,8-Nov-21,3.78,3.78,3.71,3.75,58.758.600,219.338.475.000,8.379
512,5-Nov-21,3.76,3.77,3.71,3.77,43.133.000,161.616.594.000,7.166
513,4-Nov-21,3.75,3.78,3.72,3.77,53.494.200,201.087.116.000,6.821
514,3-Nov-21,3.62,3.74,3.62,3.72,48.810.500,180.219.678.000,8.307
515,2-Nov-21,3.7,3.71,3.64,3.66,170.260.000,624.549.984.000,12.989
516,1-Nov-21,3.81,3.82,3.7,3.7,65.447.100,244.589.395.000,14.494
517,29 Okt 2021,3.75,3.81,3.73,3.8,70.430.900,266.201.519.000,8.041
518,28 Okt 2021,3.82,3.82,3.71,3.75,61.151.100,229.885.535.000,9.898
519,27 Okt 2021,3.82,3.83,3.77,3.79,52.210.100,198.081.520.000,8.045
520,26 Okt 2021,3.8,3.83,3.78,3.8,58.615.100,222.810.106.000,7.931
521,25 Okt 2021,3.8,3.84,3.78,3.78,58.246.300,221.060.610.000,11.871
522,22 Okt 2021,3.86,3.88,3.82,3.87,59.640.700,230.270.122.000,9.305
523,21 Okt 2021,3.78,3.88,3.76,3.85,169.659.500,650.977.317.000,17.707
524,19 Okt 2021,3.75,3.8,3.72,3.74,61.095.700,228.513.983.000,13.654
525,18 Okt 2021,3.84,3.84,3.79,3.79,78.580.700,299.599.428.000,9.463
526,15 Okt 2021,3.84,3.84,3.75,3.81,69.707.700,264.532.641.000,11.674
527,14 Okt 2021,3.77,3.83,3.77,3.83,95.817.900,365.161.750.000,10.385
528,13 Okt 2021,3.75,3.82,3.75,3.77,87.143.900,328.566.651.000,11.876
529,12 Okt 2021,3.78,3.84,3.77,3.78,69.866.300,265.249.148.000,12.934
530,11 Okt 2021,3.8,3.85,3.77,3.81,78.865.000,301.200.126.000,12.835
531,08 Okt 2021,3.73,3.8,3.72,3.8,91.361.800,345.176.166.000,13.642
532,07 Okt 2021,3.72,3.74,3.69,3.72,56.837.600,211.037.121.000,9.293
533,06 Okt 2021,3.69,3.77,3.65,3.76,153.535.700,574.403.992.000,16.476
534,05 Okt 2021,3.67,3.68,3.62,3.67,140.488.300,512.516.935.000,10.285
535,04 Okt 2021,3.62,3.67,3.6,3.67,82.205.100,299.444.343.000,11.638
536,01 Okt 2021,3.68,3.69,3.61,3.66,109.898.400,402.108.220.000,10.379
537,30-Sep-21,3.55,3.69,3.54,3.69,153.853.900,558.863.230.000,17.652
538,29-Sep-21,3.49,3.54,3.49,3.53,53.170.100,187.309.794.000,11.418
539,28-Sep-21,3.51,3.54,3.49,3.53,54.671.700,192.586.590.000,6.802
540,27-Sep-21,3.53,3.56,3.48,3.52,87.303.000,307.305.794.000,10.049
541,24-Sep-21,3.56,3.58,3.54,3.56,72.224.500,256.941.311.000,7.277
542,23-Sep-21,3.6,3.61,3.55,3.56,104.737.500,373.590.492.000,11.63
543,22-Sep-21,3.53,3.59,3.52,3.59,66.835.200,237.937.478.000,10.188
544,21-Sep-21,3.5,3.56,3.48,3.53,95.848.100,337.230.417.000,11.051
545,20-Sep-21,3.5,3.52,3.46,3.52,83.985.100,293.611.181.000,13.182
546,17-Sep-21,3.4,3.53,3.39,3.53,117.573.100,409.188.352.000,13.044
547,16-Sep-21,3.47,3.47,3.4,3.44,58.318.700,199.803.338.000,8.285
548,15-Sep-21,3.43,3.45,3.41,3.45,73.158.300,251.559.802.000,10.407
549,14-Sep-21,3.38,3.45,3.35,3.44,166.002.100,566.590.372.000,18.148
550,13-Sep-21,3.31,3.35,3.3,3.35,45.547.200,151.682.908.000,7.356
551,10-Sep-21,3.38,3.39,3.32,3.33,52.115.300,174.258.711.000,8.203
552,9-Sep-21,3.36,3.39,3.33,3.39,82.214.400,276.910.621.000,11.482
553,8-Sep-21,3.4,3.4,3.31,3.33,80.636.800,268.452.490.000,12.966
554,7-Sep-21,3.41,3.41,3.36,3.38,42.617.400,144.198.596.000,7.566
555,6-Sep-21,3.41,3.41,3.38,3.39,52.640.400,178.548.847.000,7.337
556,3-Sep-21,3.4,3.42,3.37,3.39,65.479.800,221.995.738.000,7.047
557,2-Sep-21,3.35,3.39,3.35,3.37,51.633.800,174.041.598.000,5.42
558,1-Sep-21,3.42,3.42,3.33,3.34,85.135.200,286.343.341.000,11.461
559,31 Agt 2021,3.4,3.42,3.36,3.4,130.019.000,441.072.733.000,10.528
560,30 Agt 2021,3.33,3.4,3.33,3.4,64.177.700,216.778.180.000,8.418
561,27 Agt 2021,3.37,3.37,3.31,3.32,62.419.000,207.749.997.000,7.609
562,26 Agt 2021,3.33,3.36,3.32,3.36,55.756.100,186.479.294.000,7.58
563,25 Agt 2021,3.39,3.39,3.33,3.37,66.618.200,224.121.208.000,8.906
564,24 Agt 2021,3.41,3.42,3.31,3.4,69.338.100,233.442.178.000,11.942
565,23 Agt 2021,3.42,3.44,3.4,3.44,64.122.400,219.193.765.000,9.777
566,20 Agt 2021,3.39,3.43,3.37,3.4,113.411.000,385.346.051.000,11.487
567,19 Agt 2021,3.41,3.43,3.36,3.39,100.851.800,341.600.716.000,11.468
568,18 Agt 2021,3.36,3.44,3.35,3.42,162.921.300,555.770.572.000,21.352
569,16 Agt 2021,3.3,3.34,3.29,3.34,38.661.800,128.032.590.000,5.946
570,13 Agt 2021,3.37,3.38,3.26,3.3,59.903.600,197.917.207.000,8.809
571,12 Agt 2021,3.26,3.35,3.24,3.35,93.133.400,306.999.771.000,11.771
572,10 Agt 2021,3.24,3.27,3.19,3.23,57.658.000,185.408.719.000,7.755
573,09 Agt 2021,3.26,3.3,3.22,3.25,70.299.500,229.192.443.000,11.349
574,06 Agt 2021,3.36,3.38,3.31,3.32,31.664.200,105.520.477.000,6.367
575,05 Agt 2021,3.36,3.4,3.32,3.34,89.742.800,300.731.566.000,11.049
576,04 Agt 2021,3.33,3.37,3.31,3.37,63.108.600,210.664.817.000,9.998
577,03 Agt 2021,3.31,3.36,3.29,3.33,89.712.500,298.344.980.000,13.875
578,02 Agt 2021,3.24,3.31,3.21,3.31,60.368.200,197.474.462.000,16.692
579,30-Jul-21,3.2,3.29,3.2,3.24,95.143.100,309.399.060.000,10.191
580,29-Jul-21,3.21,3.29,3.2,3.23,126.542.400,410.918.875.000,14.048
581,28-Jul-21,3.25,3.25,3.15,3.19,103.282.300,329.959.301.000,13.356
582,27-Jul-21,3.21,3.27,3.16,3.27,62.673.400,201.287.391.000,10.999
583,26-Jul-21,3.14,3.2,3.14,3.19,55.525.800,176.708.567.000,10.512
584,23-Jul-21,3.25,3.25,3.15,3.17,67.128.400,213.999.940.000,13.837
585,22-Jul-21,3.21,3.26,3.21,3.26,48.865.700,158.457.735.000,10.13
586,21-Jul-21,3.19,3.24,3.18,3.21,115.099.400,369.524.739.000,11.544
587,19-Jul-21,3.16,3.23,3.15,3.22,116.219.500,372.737.798.000,15.26
588,16-Jul-21,3.14,3.17,3.11,3.17,63.626.300,199.886.913.000,9.971
589,15-Jul-21,3.11,3.14,3.08,3.13,88.092.800,274.515.205.000,12.484
590,14-Jul-21,3.05,3.07,3.02,3.06,84.993.400,258.502.466.000,13.646
591,13-Jul-21,3.16,3.16,3.05,3.07,82.856.600,256.131.413.000,14.389
592,12-Jul-21,3.19,3.19,3.11,3.13,86.268.000,271.237.182.000,14.538
593,9-Jul-21,3.04,3.17,3.03,3.16,222.916.400,696.249.844.000,33.901
594,8-Jul-21,3.06,3.06,3,3.01,132.576.600,400.657.698.000,27.038
595,7-Jul-21,3.03,3.07,3.01,3.03,110.215.500,335.069.368.000,22.711
596,6-Jul-21,3.05,3.07,3,3.01,151.573.500,458.604.020.000,27.16
597,5-Jul-21,3.07,3.09,3.01,3.04,133.815.000,406.688.458.000,27.536
598,2-Jul-21,3.11,3.13,3.06,3.07,161.855.700,500.338.883.000,26.486
599,1-Jul-21,3.16,3.17,3.09,3.11,143.665.900,448.399.771.000,26.665
600,30-Jun-21,3.15,3.18,3.13,3.15,142.204.500,448.774.697.000,22.83
601,29-Jun-21,3.19,3.26,3.15,3.16,123.411.200,394.075.241.000,18.153
602,28-Jun-21,3.25,3.26,3.17,3.17,66.338.900,212.027.721.000,16.818
603,25-Jun-21,3.25,3.3,3.24,3.25,58.330.700,190.457.128.000,9.276
604,24-Jun-21,3.33,3.36,3.24,3.25,101.334.200,331.655.728.000,16.287
605,23-Jun-21,3.31,3.42,3.31,3.37,81.901.000,276.822.733.000,10.498
606,22-Jun-21,3.3,3.37,3.29,3.3,89.349.200,296.970.575.000,11.048
607,21-Jun-21,3.28,3.34,3.26,3.3,74.248.200,245.251.210.000,14.061
608,18-Jun-21,3.35,3.4,3.29,3.35,168.414.300,562.815.498.000,15.333
609,17-Jun-21,3.37,3.42,3.35,3.35,50.286.100,169.491.404.000,8.483
610,16-Jun-21,3.38,3.43,3.38,3.41,39.149.800,133.258.280.000,7.464
611,15-Jun-21,3.41,3.44,3.38,3.44,60.528.600,207.123.968.000,8.246
612,14-Jun-21,3.46,3.47,3.4,3.41,46.016.500,157.439.132.000,8.414
613,11-Jun-21,3.49,3.5,3.42,3.47,82.336.600,285.430.879.000,9.887
614,10-Jun-21,3.35,3.5,3.34,3.48,137.713.700,475.557.064.000,18.815
615,9-Jun-21,3.34,3.4,3.31,3.39,112.204.200,377.559.186.000,16.435
616,8-Jun-21,3.55,3.55,3.47,3.5,132.409.400,463.420.142.000,14.509
617,7-Jun-21,3.54,3.57,3.5,3.55,124.440.300,440.099.886.000,16.552
618,4-Jun-21,3.49,3.51,3.45,3.5,70.624.200,245.953.805.000,13.443
619,3-Jun-21,3.42,3.49,3.42,3.49,77.627.900,267.771.368.000,12.282
620,2-Jun-21,3.49,3.5,3.42,3.45,108.933.400,377.324.732.000,18.885
621,31 Mei 2021,3.3,3.46,3.3,3.44,155.768.200,530.187.712.000,21.134
622,28 Mei 2021,3.38,3.4,3.26,3.27,87.439.800,289.586.484.000,17.566
623,27 Mei 2021,3.35,3.4,3.33,3.38,233.551.300,789.090.354.000,17.841
624,25 Mei 2021,3.29,3.32,3.27,3.3,62.218.300,205.091.687.000,10.14
625,24 Mei 2021,3.29,3.33,3.22,3.26,64.347.100,210.192.160.000,11.168
626,22 Mei 2021,3.5,3.65,3.48,3.61,788.104.900,2.825.100.994.000,14.262
627,21 Mei 2021,3.34,3.35,3.27,3.27,104.101.400,342.589.936.000,15.583
628,20 Mei 2021,3.19,3.32,3.18,3.31,197.430.900,645.762.873.000,29.157
629,19 Mei 2021,3.15,3.22,3.15,3.16,48.958.100,155.379.863.000,11.045
630,18 Mei 2021,3.19,3.19,3.15,3.18,77.310.400,244.984.006.000,10.659
631,17 Mei 2021,3.19,3.19,3.15,3.19,114.071.400,361.617.159.000,21.033
632,11 Mei 2021,3.17,3.2,3.15,3.18,94.281.900,299.743.836.000,17.904
633,10 Mei 2021,3.19,3.2,3.16,3.17,104.121.900,331.157.067.000,13.631
634,07 Mei 2021,3.2,3.22,3.18,3.19,98.099.900,313.828.265.000,13.688
635,06 Mei 2021,3.2,3.2,3.15,3.19,91.955.600,292.089.132.000,14.613
636,05 Mei 2021,3.21,3.21,3.18,3.2,76.480.300,244.735.001.000,11.875
637,04 Mei 2021,3.18,3.21,3.17,3.21,60.180.600,192.104.849.000,11.347
638,03 Mei 2021,3.2,3.21,3.13,3.17,124.724.400,393.842.484.000,22.62
639,30-Apr-21,3.22,3.26,3.2,3.2,143.840.800,462.740.374.000,17.147
640,29-Apr-21,3.15,3.21,3.14,3.2,111.785.100,354.095.346.000,18.682
641,28-Apr-21,3.16,3.17,3.13,3.14,91.596.300,288.244.472.000,19.832
642,27-Apr-21,3.24,3.25,3.14,3.16,166.985.400,529.675.527.000,28.795
643,26-Apr-21,3.28,3.3,3.25,3.25,55.076.200,179.747.886.000,15.273
644,23-Apr-21,3.33,3.33,3.29,3.31,39.798.400,131.517.763.000,6.92
645,22-Apr-21,3.29,3.34,3.29,3.33,54.970.000,182.334.165.000,9.389
646,21-Apr-21,3.29,3.33,3.28,3.28,47.167.800,155.345.259.000,8.914
647,20-Apr-21,3.33,3.35,3.3,3.32,55.700.100,184.718.559.000,8.009
648,19-Apr-21,3.33,3.36,3.33,3.34,44.899.700,150.107.269.000,8.137
649,16-Apr-21,3.37,3.37,3.32,3.36,52.517.800,175.702.865.000,6.925
650,15-Apr-21,3.34,3.36,3.32,3.36,65.669.100,219.542.667.000,8.309
651,14-Apr-21,3.36,3.36,3.32,3.34,52.587.500,175.452.959.000,7.724
652,13-Apr-21,3.34,3.34,3.3,3.33,51.300.200,170.429.186.000,10.081
653,12-Apr-21,3.34,3.39,3.3,3.31,79.003.200,263.252.668.000,11.286
654,9-Apr-21,3.39,3.39,3.36,3.36,56.861.400,191.642.969.000,10.158
655,8-Apr-21,3.38,3.4,3.38,3.39,59.079.700,200.094.686.000,8.605
656,7-Apr-21,3.41,3.43,3.38,3.4,84.754.300,288.481.362.000,12.225
657,6-Apr-21,3.4,3.41,3.37,3.37,40.566.400,137.060.492.000,9.229
658,5-Apr-21,3.43,3.43,3.37,3.38,36.029.200,122.225.178.000,7.017
659,1-Apr-21,3.39,3.44,3.38,3.39,73.332.000,249.347.239.000,10.831
660,31-Mar-21,3.38,3.42,3.33,3.42,134.671.900,454.962.415.000,14.262
661,30-Mar-21,3.42,3.43,3.36,3.38,66.491.800,224.654.784.000,10.813
662,29-Mar-21,3.47,3.49,3.4,3.41,72.214.100,248.505.307.000,13.854
663,26-Mar-21,3.41,3.5,3.39,3.49,106.810.400,368.620.014.000,16.678
664,25-Mar-21,3.4,3.43,3.38,3.41,107.607.200,366.148.764.000,11.126
665,24-Mar-21,3.32,3.39,3.32,3.37,67.173.200,226.384.608.000,8.049
666,23-Mar-21,3.39,3.42,3.35,3.36,55.323.200,186.572.251.000,9.031
667,22-Mar-21,3.44,3.44,3.38,3.38,53.870.300,183.303.813.000,8.172
668,19-Mar-21,3.41,3.44,3.38,3.44,140.000.000,479.112.004.000,12.036
669,18-Mar-21,3.45,3.48,3.43,3.45,101.896.400,352.028.592.000,12.41
670,17-Mar-21,3.41,3.43,3.37,3.39,61.701.400,209.472.939.000,8.676
671,16-Mar-21,3.4,3.41,3.36,3.36,60.111.200,203.197.837.000,12.047
672,15-Mar-21,3.44,3.45,3.38,3.38,50.077.300,170.078.936.000,11.489
673,12-Mar-21,3.44,3.48,3.43,3.45,100.195.200,345.771.860.000,15.837
674,10-Mar-21,3.34,3.42,3.31,3.4,91.631.900,309.910.107.000,14.167
675,9-Mar-21,3.37,3.39,3.28,3.29,110.090.800,365.110.439.000,14.287
676,8-Mar-21,3.36,3.4,3.33,3.34,80.094.900,268.310.587.000,9.466
677,5-Mar-21,3.34,3.37,3.32,3.32,128.546.000,429.121.334.000,14.407
678,4-Mar-21,3.42,3.43,3.35,3.36,142.322.100,480.459.618.000,18.431
679,3-Mar-21,3.48,3.48,3.42,3.44,82.610.700,284.321.087.000,10.923
680,2-Mar-21,3.49,3.5,3.44,3.46,169.061.400,586.130.524.000,24.217
681,1-Mar-21,3.49,3.51,3.47,3.49,91.513.500,319.043.638.000,13.804
682,26-Feb-21,3.45,3.51,3.41,3.49,230.007.700,799.268.461.000,21.078
683,25-Feb-21,3.51,3.57,3.45,3.49,226.833.000,794.537.527.000,26.497
684,24-Feb-21,3.49,3.55,3.46,3.48,303.017.100,1.059.492.220.000,43.013
685,23-Feb-21,3.2,3.48,3.2,3.47,354.966.200,1.198.020.214.000,57.545
686,22-Feb-21,3.21,3.24,3.17,3.17,100.425.500,321.726.859.000,18.718
687,19-Feb-21,3.18,3.22,3.17,3.21,63.214.600,201.850.863.000,11.895
688,18-Feb-21,3.19,3.27,3.18,3.18,151.200.300,486.825.565.000,18.677
689,17-Feb-21,3.22,3.25,3.14,3.15,121.105.300,385.869.754.000,27.727
690,16-Feb-21,3.2,3.25,3.19,3.21,82.026.300,263.362.749.000,16.674
691,15-Feb-21,3.2,3.26,3.2,3.22,88.883.300,286.734.230.000,15.697
692,11-Feb-21,3.22,3.23,3.17,3.19,79.940.700,254.850.329.000,17.423
693,10-Feb-21,3.18,3.22,3.16,3.19,125.221.400,399.423.486.000,25.678
694,9-Feb-21,3.25,3.3,3.18,3.2,157.479.200,508.317.144.000,35.658
695,8-Feb-21,3.3,3.37,3.27,3.28,96.635.600,320.444.529.000,20.347
696,5-Feb-21,3.32,3.32,3.27,3.29,52.630.500,173.331.120.000,9.881
697,4-Feb-21,3.27,3.33,3.26,3.29,80.319.500,264.417.902.000,12.219
698,3-Feb-21,3.25,3.33,3.22,3.24,86.433.900,282.868.611.000,15.615
699,2-Feb-21,3.3,3.33,3.25,3.27,114.734.600,376.849.898.000,20.289
700,1-Feb-21,3.13,3.25,3.04,3.23,133.929.600,422.903.012.000,26.504
701,29-Jan-21,3.29,3.29,3.11,3.11,191.915.100,607.723.135.000,30.027
702,28-Jan-21,3.28,3.33,3.23,3.24,142.648.800,465.999.167.000,27.724
703,27-Jan-21,3.34,3.38,3.26,3.38,159.144.700,529.692.442.000,26.134
704,26-Jan-21,3.36,3.39,3.26,3.26,111.414.500,368.529.233.000,25.938
705,25-Jan-21,3.37,3.41,3.31,3.37,118.131.800,397.034.284.000,19.595
706,22-Jan-21,3.42,3.44,3.36,3.39,165.024.200,560.334.645.000,30.219
707,21-Jan-21,3.5,3.52,3.46,3.48,81.801.900,284.885.828.000,16.1
708,20-Jan-21,3.42,3.48,3.38,3.47,116.098.100,400.452.406.000,16.554
709,19-Jan-21,3.47,3.49,3.37,3.41,144.100.700,492.229.885.000,24.729
710,18-Jan-21,3.48,3.52,3.43,3.45,138.913.100,481.535.544.000,26.736
711,15-Jan-21,3.51,3.54,3.45,3.48,133.304.300,464.957.847.000,22.627
712,14-Jan-21,3.48,3.59,3.47,3.5,187.448.400,660.287.178.000,24.506
713,13-Jan-21,3.55,3.55,3.46,3.48,162.329.300,567.335.436.000,28.956
714,12-Jan-21,3.6,3.62,3.5,3.51,189.779.500,672.225.127.000,33.14
715,11-Jan-21,3.59,3.64,3.57,3.6,271.231.200,975.125.966.000,31.041
716,8-Jan-21,3.45,3.62,3.44,3.57,492.643.700,1.749.532.317.000,59.195
717,7-Jan-21,3.39,3.45,3.38,3.39,140.221.900,477.459.557.000,18.811
718,6-Jan-21,3.47,3.49,3.33,3.37,177.877.900,603.614.531.000,27.88
719,5-Jan-21,3.48,3.48,3.42,3.47,157.800.700,545.584.390.000,21.805
720,4-Jan-21,3.32,3.5,3.31,3.49,165.339.800,563.857.181.000,23.194
721,30 Des 2020,3.42,3.42,3.31,3.31,150.844.500,505.566.098.000,24.959
722,29 Des 2020,3.5,3.53,3.4,3.42,184.525.500,639.591.192.000,24.24
723,28 Des 2020,3.37,3.46,3.28,3.43,178.138.100,603.222.206.000,23.955
724,23 Des 2020,3.35,3.42,3.24,3.32,240.067.600,798.604.157.000,28.932
725,22 Des 2020,3.5,3.54,3.34,3.36,311.860.000,1.068.636.757.000,39.39
726,21 Des 2020,3.53,3.61,3.51,3.52,267.970.200,951.549.742.000,37.016
727,18 Des 2020,3.5,3.54,3.5,3.51,187.856.600,660.019.934.000,32.871
728,17 Des 2020,3.61,3.62,3.52,3.54,249.797.800,889.442.795.000,49.384
729,16 Des 2020,3.5,3.64,3.5,3.61,455.088.400,1.635.484.331.000,63.148
730,15 Des 2020,3.32,3.49,3.29,3.45,410.175.700,1.405.436.584.000,60.202
731,14 Des 2020,3.3,3.34,3.25,3.32,281.474.900,929.889.019.000,33.954
732,11 Des 2020,3.27,3.33,3.25,3.28,154.365.400,507.065.904.000,15.737
733,10 Des 2020,3.27,3.29,3.25,3.26,229.380.200,750.101.871.000,26.66
734,08 Des 2020,3.35,3.35,3.29,3.3,113.775.100,376.395.243.000,18.193
735,07 Des 2020,3.28,3.33,3.26,3.33,175.436.900,578.365.920.000,22.285
736,04 Des 2020,3.27,3.28,3.21,3.25,170.418.900,552.885.836.000,26.143
737,03 Des 2020,3.33,3.36,3.28,3.3,121.434.200,402.076.375.000,19.963
738,02 Des 2020,3.27,3.33,3.24,3.33,187.276.600,617.616.933.000,20.583
739,01 Des 2020,3.23,3.32,3.16,3.24,277.929.200,902.751.850.000,35.513
740,30-Nov-20,3.46,3.47,3.22,3.23,624.142.600,2.047.669.428.000,62.929
741,27-Nov-20,3.48,3.5,3.42,3.46,163.651.600,566.722.930.000,24.672
742,26-Nov-20,3.28,3.48,3.28,3.47,374.185.400,1.275.534.468.000,35.354
743,25-Nov-20,3.37,3.39,3.28,3.28,253.156.200,842.671.214.000,31.479
744,24-Nov-20,3.35,3.38,3.33,3.35,207.503.900,696.319.208.000,21.842
745,23-Nov-20,3.23,3.34,3.22,3.32,260.752.200,859.676.824.000,28.869
746,20-Nov-20,3.19,3.27,3.18,3.22,211.892.500,682.060.478.000,21.894
747,19-Nov-20,3.15,3.22,3.14,3.17,185.558.800,590.530.457.000,19.605
748,18-Nov-20,3.2,3.25,3.16,3.18,239.122.600,763.772.319.000,33.139
749,17-Nov-20,3.1,3.27,3.1,3.22,527.501.800,1.685.068.363.000,53.915
750,16-Nov-20,3.04,3.1,3.02,3.07,206.145.500,631.045.885.000,20.043
751,13-Nov-20,3.01,3.01,2.95,2.99,186.708.800,556.957.194.000,27.125
752,12-Nov-20,3.08,3.08,3.01,3.04,169.609.900,515.957.216.000,24.966
753,11-Nov-20,2.9,3.1,2.88,3.08,480.530.200,1.450.167.406.000,53.783
754,10-Nov-20,2.95,2.95,2.86,2.86,195.337.300,564.583.344.000,27.057
755,9-Nov-20,2.86,2.9,2.84,2.88,208.192.700,597.185.516.000,27.334
756,6-Nov-20,2.8,2.84,2.75,2.83,243.865.800,684.452.047.000,30.912
757,5-Nov-20,2.63,2.81,2.62,2.77,369.260.400,1.007.117.715.000,45.101
758,4-Nov-20,2.6,2.64,2.58,2.58,150.678.200,393.130.579.000,20.258
759,3-Nov-20,2.57,2.59,2.54,2.58,188.874.000,485.901.163.000,19.232
760,2-Nov-20,2.59,2.62,2.55,2.56,391.510.600,1.009.257.708.000,42.487
761,27 Okt 2020,2.64,2.69,2.62,2.62,146.366.600,386.562.969.000,24.649
762,26 Okt 2020,2.63,2.68,2.63,2.65,97.523.200,258.851.379.000,14.414
763,23 Okt 2020,2.71,2.72,2.63,2.63,166.356.000,441.821.765.000,25.469
764,22 Okt 2020,2.67,2.72,2.65,2.7,257.179.400,691.638.483.000,13.828
765,21 Okt 2020,2.68,2.71,2.67,2.68,142.146.300,381.697.147.000,15.882
766,20 Okt 2020,2.71,2.74,2.67,2.67,168.211.100,453.182.304.000,21.872
767,19 Okt 2020,2.8,2.81,2.71,2.71,187.840.500,514.781.884.000,19.603
768,16 Okt 2020,2.78,2.78,2.72,2.75,135.175.000,370.868.726.000,12.771
769,15 Okt 2020,2.8,2.85,2.76,2.78,138.462.900,388.423.080.000,19.526
770,14 Okt 2020,2.73,2.83,2.71,2.81,183.236.500,509.043.256.000,21.279
771,13 Okt 2020,2.73,2.74,2.68,2.73,97.205.500,263.141.980.000,13.17
772,12 Okt 2020,2.75,2.76,2.71,2.73,77.479.100,211.295.900.000,15.348
773,09 Okt 2020,2.71,2.75,2.7,2.73,109.122.300,297.338.771.000,11
774,08 Okt 2020,2.67,2.72,2.65,2.7,154.587.800,415.550.953.000,17.347
775,07 Okt 2020,2.65,2.67,2.62,2.66,110.186.000,292.316.839.000,11.14
776,06 Okt 2020,2.68,2.7,2.62,2.65,148.977.400,397.265.597.000,15.406
777,05 Okt 2020,2.69,2.71,2.64,2.65,124.720.200,331.513.664.000,12.634
778,02 Okt 2020,2.75,2.75,2.65,2.68,140.161.900,376.857.295.000,18.353
779,01 Okt 2020,2.6,2.76,2.6,2.75,225.006.000,607.404.867.000,24.994
780,30-Sep-20,2.63,2.65,2.54,2.56,235.611.600,607.893.044.000,29.155
781,29-Sep-20,2.69,2.69,2.63,2.63,155.853.900,413.001.503.000,19.199
782,28-Sep-20,2.71,2.73,2.66,2.66,89.256.700,239.304.621.000,13.76
783,25-Sep-20,2.72,2.74,2.67,2.69,180.968.900,487.971.997.000,22.798
784,24-Sep-20,2.75,2.76,2.71,2.73,74.516.800,203.372.149.000,10.653
785,23-Sep-20,2.77,2.81,2.74,2.8,85.953.300,238.030.672.000,11.915
786,22-Sep-20,2.79,2.81,2.75,2.78,75.891.600,211.538.842.000,9.973
787,21-Sep-20,2.89,2.91,2.8,2.81,100.305.100,284.882.824.000,14.954
788,18-Sep-20,2.85,2.89,2.84,2.89,162.116.700,465.994.571.000,12.278
789,17-Sep-20,2.81,2.85,2.78,2.82,97.257.400,273.962.549.000,11.616
790,16-Sep-20,2.81,2.83,2.77,2.79,68.113.400,190.279.684.000,12.463
791,15-Sep-20,2.89,2.9,2.81,2.83,106.215.900,301.371.719.000,15.397
792,14-Sep-20,2.83,2.89,2.82,2.89,127.562.700,366.224.412.000,14.708
793,11-Sep-20,2.67,2.84,2.65,2.81,197.756.800,546.309.697.000,24.439
794,10-Sep-20,2.8,2.8,2.62,2.7,287.496.300,774.051.968.000,32.536
795,9-Sep-20,2.85,2.86,2.8,2.8,108.397.400,305.312.262.000,21.65
796,8-Sep-20,2.89,2.9,2.86,2.86,80.068.200,229.798.978.000,13.621
797,7-Sep-20,2.87,2.91,2.87,2.9,62.206.600,179.848.028.000,10.53
798,4-Sep-20,0,2.89,2.84,2.86,143.569.100,410.859.591.000,20.737
799,3-Sep-20,0,2.96,2.88,2.9,123.106.100,357.853.068.000,18.989
800,2-Sep-20,0,2.97,2.9,2.95,107.589.800,316.326.654.000,13.904
801,1-Sep-20,0,2.91,2.86,2.9,90.565.400,261.891.301.000,16.784
802,31 Agt 2020,0,2.98,2.86,2.86,204.261.100,592.975.870.000,36.999
803,28 Agt 2020,0,2.99,2.94,2.96,160.569.500,474.978.545.000,28.273
804,27 Agt 2020,0,3.04,2.97,2.99,102.787.800,307.411.134.000,17.599
805,26 Agt 2020,0,3.05,2.98,3.02,122.465.300,370.155.454.000,16.287
806,25 Agt 2020,0,3.01,2.98,2.98,100.013.600,299.343.641.000,14.902
807,24 Agt 2020,0,3.02,2.99,3,76.713.900,230.385.811.000,13.282
808,19 Agt 2020,0,3.05,3,3,103.980.600,313.550.662.000,14.413
809,18 Agt 2020,0,3.06,3,3.05,139.358.500,424.050.147.000,14.849
810,14 Agt 2020,0,3.04,3,3.03,93.007.500,281.140.048.000,12.215
811,13 Agt 2020,0,3.02,2.95,3.01,160.906.600,482.278.199.000,18.27
812,12 Agt 2020,0,2.96,2.92,2.95,110.934.800,327.065.869.000,18.09
813,11 Agt 2020,0,3,2.93,2.93,175.693.000,517.639.688.000,31.436
814,10 Agt 2020,0,3.02,2.97,2.97,65.485.400,195.690.095.000,14.28
815,07 Agt 2020,0,3.03,2.97,2.98,78.347.200,234.185.893.000,15.884
816,06 Agt 2020,0,3.05,3,3.02,71.699.000,216.487.367.000,14.037
817,05 Agt 2020,0,3.04,2.92,3.02,120.719.100,361.365.300.000,16.996
818,04 Agt 2020,0,2.97,2.92,2.95,96.018.000,282.968.271.000,15.845
819,03 Agt 2020,0,3.06,2.85,2.92,255.659.800,748.551.564.000,43.883
820,30-Jul-20,0,3.05,3,3.05,95.785.000,290.441.720.000,11.898
821,29-Jul-20,0,3.05,3,3,114.352.000,344.924.322.000,19.378
822,28-Jul-20,0,3.05,3.01,3.02,102.705.300,310.251.724.000,15.883
823,27-Jul-20,0,3.05,3.02,3.04,58.708.800,178.311.150.000,8.862
824,24-Jul-20,0,3.08,3.02,3.02,137.265.100,416.780.561.000,28.087
825,23-Jul-20,0,3.09,3.06,3.07,70.482.100,216.912.852.000,9.908
826,22-Jul-20,0,3.09,3.06,3.07,69.462.100,213.537.350.000,10.683
827,21-Jul-20,0,3.11,3.05,3.06,101.283.800,312.293.261.000,11.347
828,20-Jul-20,0,3.08,3.04,3.06,64.735.500,198.083.137.000,11.923
829,17-Jul-20,0,3.11,3.06,3.06,112.416.300,346.262.492.000,15.099
830,16-Jul-20,0,3.11,3.08,3.1,91.951.000,284.639.665.000,8.035
831,15-Jul-20,0,3.13,3.08,3.09,102.304.100,317.134.215.000,10.843
832,14-Jul-20,0,3.11,3.07,3.08,111.442.600,343.796.958.000,15.856
833,13-Jul-20,0,3.13,3.08,3.09,77.733.900,240.669.857.000,12.387
834,10-Jul-20,0,3.13,3.1,3.11,95.422.400,296.644.406.000,11.288
835,9-Jul-20,0,3.19,3.11,3.11,125.940.800,397.574.185.000,16.578
836,8-Jul-20,0,3.16,3.11,3.15,158.166.300,496.348.288.000,16.212
837,7-Jul-20,0,3.12,3.05,3.12,169.104.200,523.070.018.000,16.849
838,6-Jul-20,0,3.15,3.04,3.05,248.572.600,766.950.510.000,30.527
839,3-Jul-20,0,3.18,3.11,3.12,102.033.100,320.326.280.000,14.481
840,2-Jul-20,0,3.14,3.04,3.14,178.357.900,555.039.877.000,17.5
841,1-Jul-20,0,3.1,3.01,3.04,148.037.400,449.496.262.000,22.228
842,30-Jun-20,0,3.1,3.05,3.05,258.068.400,791.675.287.000,41.19
843,29-Jun-20,0,3.25,3.16,3.18,156.613.200,498.271.222.000,17.27
844,26-Jun-20,0,3.22,3.18,3.19,100.784.500,322.195.677.000,11.745
845,25-Jun-20,0,3.22,3.14,3.16,100.882.600,320.127.357.000,16.546
846,24-Jun-20,0,3.23,3.14,3.18,170.895.600,543.986.790.000,18.707
847,23-Jun-20,0,3.2,3.12,3.13,167.271.000,526.514.903.000,21.724
848,22-Jun-20,0,3.3,3.18,3.2,159.776.500,514.052.364.000,23.185
849,19-Jun-20,0,3.34,3.25,3.28,227.358.800,746.665.645.000,18.976
850,18-Jun-20,0,3.35,3.18,3.28,235.586.600,777.660.743.000,31.221
851,17-Jun-20,0,3.23,3.14,3.21,177.784.900,566.920.510.000,15.942
852,16-Jun-20,0,3.22,3.13,3.2,194.424.800,619.147.621.000,24.246
853,15-Jun-20,0,3.15,3.03,3.09,241.625.700,749.803.833.000,30.777
854,12-Jun-20,0,3.08,2.97,3.03,260.087.300,787.473.296.000,29.218
855,11-Jun-20,0,3.15,3.06,3.08,175.767.800,543.394.787.000,21.348
856,10-Jun-20,0,3.19,3.1,3.11,263.483.700,826.608.898.000,28.58
857,9-Jun-20,0,3.27,3.14,3.14,171.214.500,550.556.142.000,21.4
858,8-Jun-20,0,3.29,3.22,3.23,221.641.600,719.540.159.000,25.358
859,5-Jun-20,0,3.36,3.2,3.23,188.420.700,611.474.693.000,22.255
860,4-Jun-20,0,3.39,3.25,3.3,167.708.600,558.275.806.000,21.874
861,3-Jun-20,0,3.32,3.23,3.29,216.200.900,708.318.985.000,21.783
862,2-Jun-20,0,3.27,3.12,3.25,174.790.600,563.584.260.000,23.247
863,29 Mei 2020,0,3.15,3.08,3.15,276.092.100,864.677.700.000,24.416
864,28 Mei 2020,0,3.21,3.13,3.13,177.385.100,561.051.551.000,21.569
865,27 Mei 2020,0,3.27,3.15,3.17,128.693.900,408.384.151.000,21.539
866,26 Mei 2020,0,3.28,3.13,3.25,105.792.900,341.097.556.000,13.131
867,20 Mei 2020,0,3.26,3.18,3.18,76.086.600,243.427.055.000,11.165
868,19 Mei 2020,0,3.33,3.25,3.27,97.387.100,319.850.407.000,13.092
869,18 Mei 2020,0,3.22,3.1,3.22,108.828.800,346.753.477.000,12.04
870,15 Mei 2020,0,3.13,3.02,3.1,114.753.900,353.510.729.000,11.786
871,14 Mei 2020,0,3.14,3.06,3.07,101.581.300,314.038.586.000,14.169
872,13 Mei 2020,0,3.17,3.08,3.16,73.238.700,229.334.259.000,10.007
873,12 Mei 2020,0,3.27,3.1,3.15,138.978.700,439.031.596.000,20.689
874,11 Mei 2020,0,3.25,3.21,3.22,58.473.100,188.957.404.000,7.332
875,08 Mei 2020,0,3.29,3.15,3.19,143.584.400,458.325.791.000,16.618
876,06 Mei 2020,0,3.34,3.22,3.24,86.395.000,280.374.998.000,14.978
877,05 Mei 2020,0,3.39,3.32,3.32,74.036.700,246.814.961.000,7.441
878,04 Mei 2020,0,3.4,3.26,3.32,108.988.600,361.652.402.000,14.578
879,30-Apr-20,0,3.54,3.35,3.5,163.170.100,566.208.243.000,16.154
880,29-Apr-20,0,3.39,3.1,3.35,154.902.100,511.268.571.000,17.025
881,28-Apr-20,0,3.2,3.14,3.16,80.212.700,253.991.595.000,10.856
882,27-Apr-20,0,3.2,3.1,3.15,85.475.400,270.126.668.000,10.34
883,24-Apr-20,0,3.16,3.08,3.09,84.061.400,261.770.510.000,9.232
884,23-Apr-20,0,3.24,3.07,3.07,117.391.500,371.158.013.000,12.527
885,22-Apr-20,0,3.27,3.03,3.16,126.278.300,401.228.198.000,13.077
886,21-Apr-20,0,3.13,3.05,3.07,43.239.400,133.172.992.000,8.636
887,20-Apr-20,0,3.27,3.12,3.12,77.306.900,245.010.507.000,9.493
888,17-Apr-20,0,3.25,3.05,3.23,127.860.400,408.541.183.000,13.703
889,16-Apr-20,0,3.11,3,3,109.582.500,331.484.452.000,12.994
890,15-Apr-20,0,3.3,3.09,3.11,69.832.000,220.251.822.000,12.52
891,14-Apr-20,0,3.25,3.16,3.24,79.114.600,253.851.692.000,8.889
892,13-Apr-20,0,3.23,3.13,3.18,45.469.500,144.827.577.000,8.075
893,9-Apr-20,0,3.18,3.03,3.12,122.622.400,383.096.905.000,13.277
894,8-Apr-20,0,3.22,3.05,3.11,124.553.900,386.493.087.000,13.945
895,7-Apr-20,0,3.5,3.2,3.22,166.425.600,541.408.524.000,21.927
896,6-Apr-20,0,3.33,3.18,3.33,115.495.000,375.771.254.000,13.026
897,3-Apr-20,0,3.22,3.12,3.2,83.469.200,265.840.347.000,10.027
898,2-Apr-20,0,3.13,3.02,3.13,92.893.600,286.311.122.000,11.299
899,1-Apr-20,0,3.2,3.04,3.1,104.550.600,325.321.545.000,14.242
900,31-Mar-20,0,3.3,3.12,3.16,151.302.900,481.196.639.000,17.767
901,30-Mar-20,0,3.18,2.88,3.14,134.474.300,406.052.065.000,15.155
902,27-Mar-20,0,3.27,3.05,3.09,200.952.500,634.751.935.000,29.762
903,26-Mar-20,0,3.08,2.55,2.98,267.369.500,783.838.411.000,30.723
904,24-Mar-20,0,2.88,2.57,2.62,243.778.900,653.498.837.000,24.608
905,23-Mar-20,0,2.88,2.68,2.68,86.157.200,232.080.875.000,10.897
906,20-Mar-20,0,2.99,2.45,2.88,267.694.700,743.535.183.000,31.363
907,19-Mar-20,0,2.81,2.62,2.62,138.987.300,364.346.543.000,9.511
908,18-Mar-20,0,3.08,2.74,2.81,150.147.300,426.190.238.000,21.287
909,17-Mar-20,0,3.16,2.94,2.94,150.122.700,444.036.698.000,18.429
910,16-Mar-20,0,3.3,3.16,3.16,115.972.300,367.218.154.000,13.158
911,13-Mar-20,0,3.49,3.08,3.39,172.248.400,560.378.086.000,19.779
912,12-Mar-20,3.3,3.44,3.27,3.31,84.363.800,282.550.230.000,10.221
913,11-Mar-20,3.47,3.48,3.37,3.4,115.486.900,394.732.675.000,12.994
914,10-Mar-20,3.48,3.62,3.48,3.49,119.718.000,422.626.463.000,13.468
915,9-Mar-20,3.56,3.62,3.5,3.5,109.347.300,386.589.290.000,10.871
916,6-Mar-20,3.73,3.79,3.71,3.75,86.476.000,324.010.764.000,9.261
917,5-Mar-20,3.82,3.88,3.76,3.83,101.235.000,386.160.386.000,14.56
918,4-Mar-20,3.64,3.84,3.63,3.83,136.081.000,514.953.872.000,11.01
919,3-Mar-20,3.51,3.66,3.47,3.62,114.698.200,412.371.424.000,12.358
920,2-Mar-20,3.47,3.55,3.44,3.44,96.802.900,337.937.106.000,11.632
921,28-Feb-20,3.39,3.49,3.34,3.49,151.751.800,518.883.478.000,13.216
922,27-Feb-20,3.51,3.55,3.42,3.47,88.389.400,308.519.175.000,11.609
923,26-Feb-20,3.53,3.55,3.45,3.51,133.449.900,468.448.781.000,14.189
924,25-Feb-20,3.6,3.67,3.59,3.59,73.990.700,267.426.283.000,10.44
925,24-Feb-20,3.67,3.72,3.63,3.64,72.610.600,265.950.298.000,7.272
926,21-Feb-20,3.65,3.71,3.64,3.69,86.862.600,319.797.741.000,8.579
927,20-Feb-20,3.62,3.65,3.6,3.63,53.035.400,192.168.148.000,7.361
928,19-Feb-20,3.62,3.64,3.59,3.62,63.717.800,230.182.401.000,7.668
929,18-Feb-20,3.59,3.66,3.59,3.62,94.382.900,342.836.965.000,7.134
930,17-Feb-20,3.63,3.66,3.59,3.61,94.887.800,343.535.874.000,8.612
931,14-Feb-20,3.68,3.73,3.64,3.64,108.793.300,398.715.398.000,10.974
932,13-Feb-20,3.82,3.83,3.71,3.73,66.699.800,250.132.113.000,7.08
933,12-Feb-20,3.8,3.85,3.78,3.82,73.840.300,282.263.730.000,4.973
934,11-Feb-20,3.81,3.83,3.78,3.79,50.248.200,191.372.182.000,5.437
935,10-Feb-20,3.8,3.85,3.78,3.81,86.588.500,330.656.646.000,8.291
936,7-Feb-20,3.78,3.82,3.76,3.79,53.578.900,203.296.314.000,4.868
937,6-Feb-20,3.8,3.8,3.75,3.76,56.261.500,211.946.119.000,6.567
938,5-Feb-20,3.76,3.78,3.72,3.77,68.150.800,255.439.762.000,8.782
939,4-Feb-20,3.81,3.81,3.73,3.76,77.259.600,290.449.588.000,8.707
940,3-Feb-20,3.8,3.82,3.73,3.74,68.360.600,257.796.992.000,11.53
941,31-Jan-20,3.89,3.89,3.78,3.8,120.447.900,459.460.972.000,9.675
942,30-Jan-20,3.91,3.91,3.85,3.86,60.391.600,233.945.204.000,5.412
943,29-Jan-20,3.84,3.9,3.84,3.9,51.929.800,201.664.037.000,6.364
944,28-Jan-20,3.81,3.84,3.8,3.83,56.210.000,214.550.576.000,7.885
945,27-Jan-20,3.92,3.92,3.83,3.84,33.081.800,127.742.341.000,5.501
946,24-Jan-20,3.88,3.93,3.86,3.92,58.524.000,228.477.732.000,5.107
947,23-Jan-20,3.86,3.88,3.83,3.88,41.077.400,158.582.106.000,4.082
948,22-Jan-20,3.89,3.89,3.85,3.86,45.839.800,177.418.886.000,7.928
949,21-Jan-20,3.81,3.9,3.81,3.89,78.014.400,301.916.596.000,10.51
950,20-Jan-20,3.82,3.84,3.8,3.81,73.599.200,280.827.575.000,9.897
951,17-Jan-20,3.86,3.87,3.8,3.81,119.904.100,457.351.417.000,16.475
952,16-Jan-20,3.89,3.89,3.83,3.85,118.903.100,457.601.370.000,14.395
953,15-Jan-20,3.96,3.96,3.87,3.88,147.583.300,575.777.004.000,16.679
954,14-Jan-20,3.98,4,3.94,3.95,95.058.600,375.744.371.000,10.743
955,13-Jan-20,4,4.03,3.99,4.03,61.913.800,248.325.684.000,6.67
956,10-Jan-20,3.98,3.99,3.95,3.98,48.099.000,191.275.385.000,5.903
957,9-Jan-20,3.92,3.97,3.92,3.96,37.580.300,148.405.253.000,7.861
958,8-Jan-20,3.92,3.95,3.9,3.9,52.402.600,205.267.042.000,7.055
959,7-Jan-20,3.93,3.97,3.92,3.94,51.837.600,204.199.573.000,6.125
960,6-Jan-20,3.93,3.97,3.93,3.96,42.908.900,169.443.670.000,6.659
961,3-Jan-20,3.96,3.98,3.93,3.98,70.032.900,277.295.942.000,7.524
962,2-Jan-20,3.97,4,3.9,3.91,52.094.000,204.757.994.000,8.948
